Workbook

Sheet Groups
A1: Group | B1: Pot | C1: Team | D1: Confederation
A2: A | B2: 1 | C2: Mexico | D2: CONCACAF (host)
A3: A | B3: 2 | C3: South Korea | D3: AFC
A4: A | B4: 3 | C4: South Africa | D4: CAF
A5: A | B5: 4 | C5: Czechia | D5: UEFA
A6: B | B6: 1 | C6: Canada | D6: CONCACAF (host)
A7: B | B7: 2 | C7: Switzerland | D7: UEFA
A8: B | B8: 3 | C8: Qatar | D8: AFC
A9: B | B9: 4 | C9: Bosnia & Herzegovina | D9: UEFA
A10: C | B10: 1 | C10: Brazil | D10: CONMEBOL
A11: C | B11: 2 | C11: Morocco | D11: CAF
A12: C | B12: 3 | C12: Scotland | D12: UEFA
A13: C | B13: 4 | C13: Haiti | D13: CONCACAF
... A49: L | B49: 4 | C49: Ghana | D49: CAF

Sheet Group Matches
A1: GROUP STAGE — enter predicted (ex ante) and actual (ex post) scores in the yellow cells
A2: # | B2: Date | C2: Grp | D2: Team 1 | E2: Team 2 | F2: Ante T1 | G2: Ante T2 | H2: Ante Winner | I2: Ante Loser | J2: Post T1 | K2: Post T2 | L2: Post Winner | M2: Post Loser | N2: T1 err | O2: T2 err | P2: Outcome hit
A3: 1 | B3: Jun 11 | C3: A | D3: Mexico | E3: South Africa | F3: 1 | G3: 0 | H3: =IF(AND(ISNUMBER(F3),ISNUMBER(G3)),IF(F3>G3,D3,IF(G3>F3,E3,"Draw")),"") -> Mexico | I3: =IF(AND(ISNUMBER(F3),ISNUMBER(G3)),IF(F3>G3,E3,IF(G3>F3,D3,"Draw")),"") -> South Africa | J3: 2 | K3: 0 | L3: =IF(AND(ISNUMBER(J3),ISNUMBER(K3)),IF(J3>K3,D3,IF(K3>J3,E3,"Draw")),"") -> Mexico | M3: =IF(AND(ISNUMBER(J3),ISNUMBER(K3)),IF(J3>K3,E3,IF(K3>J3,D3,"Draw")),"") -> South Africa | N3: =IF(AND(ISNUMBER(J3),ISNUMBER(F3)),J3-F3,"") -> 1 | O3: =IF(AND(ISNUMBER(K3),ISNUMBER(G3)),K3-G3,"") -> 0 | P3: =IF(OR(H3="",L3=""),"",IF(H3=L3,1,0)) -> 1
A4: 2 | B4: Jun 11 | C4: A | D4: South Korea | E4: Czechia | F4: 1 | G4: 0 | H4: =IF(AND(ISNUMBER(F4),ISNUMBER(G4)),IF(F4>G4,D4,IF(G4>F4,E4,"Draw")),"") -> South Korea | I4: =IF(AND(ISNUMBER(F4),ISNUMBER(G4)),IF(F4>G4,E4,IF(G4>F4,D4,"Draw")),"") -> Czechia | J4: 2 | K4: 1 | L4: =IF(AND(ISNUMBER(J4),ISNUMBER(K4)),IF(J4>K4,D4,IF(K4>J4,E4,"Draw")),"") -> South Korea | M4: =IF(AND(ISNUMBER(J4),ISNUMBER(K4)),IF(J4>K4,E4,IF(K4>J4,D4,"Draw")),"") -> Czechia | N4: =IF(AND(ISNUMBER(J4),ISNUMBER(F4)),J4-F4,"") -> 1 | O4: =IF(AND(ISNUMBER(K4),ISNUMBER(G4)),K4-G4,"") -> 1 | P4: =IF(OR(H4="",L4=""),"",IF(H4=L4,1,0)) -> 1
A5: 3 | B5: Jun 12 | C5: B | D5: Canada | E5: Bosnia & Herzegovina | F5: 0 | G5: 1 | H5: =IF(AND(ISNUMBER(F5),ISNUMBER(G5)),IF(F5>G5,D5,IF(G5>F5,E5,"Draw")),"") -> Bosnia & Herzegovina | I5: =IF(AND(ISNUMBER(F5),ISNUMBER(G5)),IF(F5>G5,E5,IF(G5>F5,D5,"Draw")),"") -> Canada | J5: 1 | K5: 1 | L5: =IF(AND(ISNUMBER(J5),ISNUMBER(K5)),IF(J5>K5,D5,IF(K5>J5,E5,"Draw")),"") -> Draw | M5: =IF(AND(ISNUMBER(J5),ISNUMBER(K5)),IF(J5>K5,E5,IF(K5>J5,D5,"Draw")),"") -> Draw | N5: =IF(AND(ISNUMBER(J5),ISNUMBER(F5)),J5-F5,"") -> 1 | O5: =IF(AND(ISNUMBER(K5),ISNUMBER(G5)),K5-G5,"") -> 0 | P5: =IF(OR(H5="",L5=""),"",IF(H5=L5,1,0)) -> 0
A6: 4 | B6: Jun 12 | C6: D | D6: United States | E6: Paraguay | F6: 2 | G6: 1 | H6: =IF(AND(ISNUMBER(F6),ISNUMBER(G6)),IF(F6>G6,D6,IF(G6>F6,E6,"Draw")),"") -> United States | I6: =IF(AND(ISNUMBER(F6),ISNUMBER(G6)),IF(F6>G6,E6,IF(G6>F6,D6,"Draw")),"") -> Paraguay | J6: 4 | K6: 1 | L6: =IF(AND(ISNUMBER(J6),ISNUMBER(K6)),IF(J6>K6,D6,IF(K6>J6,E6,"Draw")),"") -> United States | M6: =IF(AND(ISNUMBER(J6),ISNUMBER(K6)),IF(J6>K6,E6,IF(K6>J6,D6,"Draw")),"") -> Paraguay | N6: =IF(AND(ISNUMBER(J6),ISNUMBER(F6)),J6-F6,"") -> 2 | O6: =IF(AND(ISNUMBER(K6),ISNUMBER(G6)),K6-G6,"") -> 0 | P6: =IF(OR(H6="",L6=""),"",IF(H6=L6,1,0)) -> 1
A7: 5 | B7: Jun 13 | C7: B | D7: Qatar | E7: Switzerland | F7: 0 | G7: 2 | H7: =IF(AND(ISNUMBER(F7),ISNUMBER(G7)),IF(F7>G7,D7,IF(G7>F7,E7,"Draw")),"") -> Switzerland | I7: =IF(AND(ISNUMBER(F7),ISNUMBER(G7)),IF(F7>G7,E7,IF(G7>F7,D7,"Draw")),"") -> Qatar | J7: 1 | K7: 1 | L7: =IF(AND(ISNUMBER(J7),ISNUMBER(K7)),IF(J7>K7,D7,IF(K7>J7,E7,"Draw")),"") -> Draw | M7: =IF(AND(ISNUMBER(J7),ISNUMBER(K7)),IF(J7>K7,E7,IF(K7>J7,D7,"Draw")),"") -> Draw | N7: =IF(AND(ISNUMBER(J7),ISNUMBER(F7)),J7-F7,"") -> 1 | O7: =IF(AND(ISNUMBER(K7),ISNUMBER(G7)),K7-G7,"") -> -1 | P7: =IF(OR(H7="",L7=""),"",IF(H7=L7,1,0)) -> 0
A8: 6 | B8: Jun 13 | C8: C | D8: Brazil | E8: Morocco | F8: 2 | G8: 1 | H8: =IF(AND(ISNUMBER(F8),ISNUMBER(G8)),IF(F8>G8,D8,IF(G8>F8,E8,"Draw")),"") -> Brazil | I8: =IF(AND(ISNUMBER(F8),ISNUMBER(G8)),IF(F8>G8,E8,IF(G8>F8,D8,"Draw")),"") -> Morocco | J8: 1 | K8: 1 | L8: =IF(AND(ISNUMBER(J8),ISNUMBER(K8)),IF(J8>K8,D8,IF(K8>J8,E8,"Draw")),"") -> Draw | M8: =IF(AND(ISNUMBER(J8),ISNUMBER(K8)),IF(J8>K8,E8,IF(K8>J8,D8,"Draw")),"") -> Draw | N8: =IF(AND(ISNUMBER(J8),ISNUMBER(F8)),J8-F8,"") -> -1 | O8: =IF(AND(ISNUMBER(K8),ISNUMBER(G8)),K8-G8,"") -> 0 | P8: =IF(OR(H8="",L8=""),"",IF(H8=L8,1,0)) -> 0
A9: 7 | B9: Jun 13 | C9: C | D9: Haiti | E9: Scotland | F9: 0 | G9: 2 | H9: =IF(AND(ISNUMBER(F9),ISNUMBER(G9)),IF(F9>G9,D9,IF(G9>F9,E9,"Draw")),"") -> Scotland | I9: =IF(AND(ISNUMBER(F9),ISNUMBER(G9)),IF(F9>G9,E9,IF(G9>F9,D9,"Draw")),"") -> Haiti | J9: 0 | K9: 1 | L9: =IF(AND(ISNUMBER(J9),ISNUMBER(K9)),IF(J9>K9,D9,IF(K9>J9,E9,"Draw")),"") -> Scotland | M9: =IF(AND(ISNUMBER(J9),ISNUMBER(K9)),IF(J9>K9,E9,IF(K9>J9,D9,"Draw")),"") -> Haiti | N9: =IF(AND(ISNUMBER(J9),ISNUMBER(F9)),J9-F9,"") -> 0 | O9: =IF(AND(ISNUMBER(K9),ISNUMBER(G9)),K9-G9,"") -> -1 | P9: =IF(OR(H9="",L9=""),"",IF(H9=L9,1,0)) -> 1
A10: 8 | B10: Jun 13 | C10: D | D10: Australia | E10: Türkiye | F10: 0 | G10: 3 | H10: =IF(AND(ISNUMBER(F10),ISNUMBER(G10)),IF(F10>G10,D10,IF(G10>F10,E10,"Draw")),"") -> Türkiye | I10: =IF(AND(ISNUMBER(F10),ISNUMBER(G10)),IF(F10>G10,E10,IF(G10>F10,D10,"Draw")),"") -> Australia | J10: 2 | K10: 0 | L10: =IF(AND(ISNUMBER(J10),ISNUMBER(K10)),IF(J10>K10,D10,IF(K10>J10,E10,"Draw")),"") -> Australia | M10: =IF(AND(ISNUMBER(J10),ISNUMBER(K10)),IF(J10>K10,E10,IF(K10>J10,D10,"Draw")),"") -> Türkiye | N10: =IF(AND(ISNUMBER(J10),ISNUMBER(F10)),J10-F10,"") -> 2 | O10: =IF(AND(ISNUMBER(K10),ISNUMBER(G10)),K10-G10,"") -> -3 | P10: =IF(OR(H10="",L10=""),"",IF(H10=L10,1,0)) -> 0
A11: 9 | B11: Jun 14 | C11: E | D11: Germany | E11: Curaçao | F11: 2 | G11: 0 | H11: =IF(AND(ISNUMBER(F11),ISNUMBER(G11)),IF(F11>G11,D11,IF(G11>F11,E11,"Draw")),"") -> Germany | I11: =IF(AND(ISNUMBER(F11),ISNUMBER(G11)),IF(F11>G11,E11,IF(G11>F11,D11,"Draw")),"") -> Curaçao | J11: 7 | K11: 1 | L11: =IF(AND(ISNUMBER(J11),ISNUMBER(K11)),IF(J11>K11,D11,IF(K11>J11,E11,"Draw")),"") -> Germany | M11: =IF(AND(ISNUMBER(J11),ISNUMBER(K11)),IF(J11>K11,E11,IF(K11>J11,D11,"Draw")),"") -> Curaçao | N11: =IF(AND(ISNUMBER(J11),ISNUMBER(F11)),J11-F11,"") -> 5 | O11: =IF(AND(ISNUMBER(K11),ISNUMBER(G11)),K11-G11,"") -> 1 | P11: =IF(OR(H11="",L11=""),"",IF(H11=L11,1,0)) -> 1
A12: 10 | B12: Jun 14 | C12: F | D12: Netherlands | E12: Japan | F12: 1 | G12: 0 | H12: =IF(AND(ISNUMBER(F12),ISNUMBER(G12)),IF(F12>G12,D12,IF(G12>F12,E12,"Draw")),"") -> Netherlands | I12: =IF(AND(ISNUMBER(F12),ISNUMBER(G12)),IF(F12>G12,E12,IF(G12>F12,D12,"Draw")),"") -> Japan | J12: 2 | K12: 2 | L12: =IF(AND(ISNUMBER(J12),ISNUMBER(K12)),IF(J12>K12,D12,IF(K12>J12,E12,"Draw")),"") -> Draw | M12: =IF(AND(ISNUMBER(J12),ISNUMBER(K12)),IF(J12>K12,E12,IF(K12>J12,D12,"Draw")),"") -> Draw | N12: =IF(AND(ISNUMBER(J12),ISNUMBER(F12)),J12-F12,"") -> 1 | O12: =IF(AND(ISNUMBER(K12),ISNUMBER(G12)),K12-G12,"") -> 2 | P12: =IF(OR(H12="",L12=""),"",IF(H12=L12,1,0)) -> 0
A13: 11 | B13: Jun 14 | C13: E | D13: Côte d'Ivoire | E13: Ecuador | F13: 0 | G13: 2 | H13: =IF(AND(ISNUMBER(F13),ISNUMBER(G13)),IF(F13>G13,D13,IF(G13>F13,E13,"Draw")),"") -> Ecuador | I13: =IF(AND(ISNUMBER(F13),ISNUMBER(G13)),IF(F13>G13,E13,IF(G13>F13,D13,"Draw")),"") -> Côte d'Ivoire | J13: 1 | K13: 0 | L13: =IF(AND(ISNUMBER(J13),ISNUMBER(K13)),IF(J13>K13,D13,IF(K13>J13,E13,"Draw")),"") -> Côte d'Ivoire | M13: =IF(AND(ISNUMBER(J13),ISNUMBER(K13)),IF(J13>K13,E13,IF(K13>J13,D13,"Draw")),"") -> Ecuador | N13: =IF(AND(ISNUMBER(J13),ISNUMBER(F13)),J13-F13,"") -> 1 | O13: =IF(AND(ISNUMBER(K13),ISNUMBER(G13)),K13-G13,"") -> -2 | P13: =IF(OR(H13="",L13=""),"",IF(H13=L13,1,0)) -> 0
A14: 12 | B14: Jun 14 | C14: F | D14: Sweden | E14: Tunisia | F14: 1 | G14: 0 | H14: =IF(AND(ISNUMBER(F14),ISNUMBER(G14)),IF(F14>G14,D14,IF(G14>F14,E14,"Draw")),"") -> Sweden | I14: =IF(AND(ISNUMBER(F14),ISNUMBER(G14)),IF(F14>G14,E14,IF(G14>F14,D14,"Draw")),"") -> Tunisia | J14: 5 | K14: 1 | L14: =IF(AND(ISNUMBER(J14),ISNUMBER(K14)),IF(J14>K14,D14,IF(K14>J14,E14,"Draw")),"") -> Sweden | M14: =IF(AND(ISNUMBER(J14),ISNUMBER(K14)),IF(J14>K14,E14,IF(K14>J14,D14,"Draw")),"") -> Tunisia | N14: =IF(AND(ISNUMBER(J14),ISNUMBER(F14)),J14-F14,"") -> 4 | O14: =IF(AND(ISNUMBER(K14),ISNUMBER(G14)),K14-G14,"") -> 1 | P14: =IF(OR(H14="",L14=""),"",IF(H14=L14,1,0)) -> 1
A15: 13 | B15: Jun 15 | C15: H | D15: Spain | E15: Cabo Verde | F15: 3 | G15: 0 | H15: =IF(AND(ISNUMBER(F15),ISNUMBER(G15)),IF(F15>G15,D15,IF(G15>F15,E15,"Draw")),"") -> Spain | I15: =IF(AND(ISNUMBER(F15),ISNUMBER(G15)),IF(F15>G15,E15,IF(G15>F15,D15,"Draw")),"") -> Cabo Verde | L15: =IF(AND(ISNUMBER(J15),ISNUMBER(K15)),IF(J15>K15,D15,IF(K15>J15,E15,"Draw")),"") | M15: =IF(AND(ISNUMBER(J15),ISNUMBER(K15)),IF(J15>K15,E15,IF(K15>J15,D15,"Draw")),"") | N15: =IF(AND(ISNUMBER(J15),ISNUMBER(F15)),J15-F15,"") | O15: =IF(AND(ISNUMBER(K15),ISNUMBER(G15)),K15-G15,"") | P15: =IF(OR(H15="",L15=""),"",IF(H15=L15,1,0))
A16: 14 | B16: Jun 15 | C16: G | D16: Belgium | E16: Egypt | F16: 1 | G16: 1 | H16: =IF(AND(ISNUMBER(F16),ISNUMBER(G16)),IF(F16>G16,D16,IF(G16>F16,E16,"Draw")),"") -> Draw | I16: =IF(AND(ISNUMBER(F16),ISNUMBER(G16)),IF(F16>G16,E16,IF(G16>F16,D16,"Draw")),"") -> Draw | L16: =IF(AND(ISNUMBER(J16),ISNUMBER(K16)),IF(J16>K16,D16,IF(K16>J16,E16,"Draw")),"") | M16: =IF(AND(ISNUMBER(J16),ISNUMBER(K16)),IF(J16>K16,E16,IF(K16>J16,D16,"Draw")),"") | N16: =IF(AND(ISNUMBER(J16),ISNUMBER(F16)),J16-F16,"") | O16: =IF(AND(ISNUMBER(K16),ISNUMBER(G16)),K16-G16,"") | P16: =IF(OR(H16="",L16=""),"",IF(H16=L16,1,0))
A17: 15 | B17: Jun 15 | C17: H | D17: Saudi Arabia | E17: Uruguay | F17: 0 | G17: 2 | H17: =IF(AND(ISNUMBER(F17),ISNUMBER(G17)),IF(F17>G17,D17,IF(G17>F17,E17,"Draw")),"") -> Uruguay | I17: =IF(AND(ISNUMBER(F17),ISNUMBER(G17)),IF(F17>G17,E17,IF(G17>F17,D17,"Draw")),"") -> Saudi Arabia | L17: =IF(AND(ISNUMBER(J17),ISNUMBER(K17)),IF(J17>K17,D17,IF(K17>J17,E17,"Draw")),"") | M17: =IF(AND(ISNUMBER(J17),ISNUMBER(K17)),IF(J17>K17,E17,IF(K17>J17,D17,"Draw")),"") | N17: =IF(AND(ISNUMBER(J17),ISNUMBER(F17)),J17-F17,"") | O17: =IF(AND(ISNUMBER(K17),ISNUMBER(G17)),K17-G17,"") | P17: =IF(OR(H17="",L17=""),"",IF(H17=L17,1,0))
A18: 16 | B18: Jun 15 | C18: G | D18: Iran | E18: New Zealand | F18: 0 | G18: 0 | H18: =IF(AND(ISNUMBER(F18),ISNUMBER(G18)),IF(F18>G18,D18,IF(G18>F18,E18,"Draw")),"") -> Draw | I18: =IF(AND(ISNUMBER(F18),ISNUMBER(G18)),IF(F18>G18,E18,IF(G18>F18,D18,"Draw")),"") -> Draw | L18: =IF(AND(ISNUMBER(J18),ISNUMBER(K18)),IF(J18>K18,D18,IF(K18>J18,E18,"Draw")),"") | M18: =IF(AND(ISNUMBER(J18),ISNUMBER(K18)),IF(J18>K18,E18,IF(K18>J18,D18,"Draw")),"") | N18: =IF(AND(ISNUMBER(J18),ISNUMBER(F18)),J18-F18,"") | O18: =IF(AND(ISNUMBER(K18),ISNUMBER(G18)),K18-G18,"") | P18: =IF(OR(H18="",L18=""),"",IF(H18=L18,1,0))
A19: 17 | B19: Jun 16 | C19: I | D19: France | E19: Senegal | F19: 3 | G19: 0 | H19: =IF(AND(ISNUMBER(F19),ISNUMBER(G19)),IF(F19>G19,D19,IF(G19>F19,E19,"Draw")),"") -> France | I19: =IF(AND(ISNUMBER(F19),ISNUMBER(G19)),IF(F19>G19,E19,IF(G19>F19,D19,"Draw")),"") -> Senegal | L19: =IF(AND(ISNUMBER(J19),ISNUMBER(K19)),IF(J19>K19,D19,IF(K19>J19,E19,"Draw")),"") | M19: =IF(AND(ISNUMBER(J19),ISNUMBER(K19)),IF(J19>K19,E19,IF(K19>J19,D19,"Draw")),"") | N19: =IF(AND(ISNUMBER(J19),ISNUMBER(F19)),J19-F19,"") | O19: =IF(AND(ISNUMBER(K19),ISNUMBER(G19)),K19-G19,"") | P19: =IF(OR(H19="",L19=""),"",IF(H19=L19,1,0))
A20: 18 | B20: Jun 16 | C20: I | D20: Iraq | E20: Norway | F20: 0 | G20: 2 | H20: =IF(AND(ISNUMBER(F20),ISNUMBER(G20)),IF(F20>G20,D20,IF(G20>F20,E20,"Draw")),"") -> Norway | I20: =IF(AND(ISNUMBER(F20),ISNUMBER(G20)),IF(F20>G20,E20,IF(G20>F20,D20,"Draw")),"") -> Iraq | L20: =IF(AND(ISNUMBER(J20),ISNUMBER(K20)),IF(J20>K20,D20,IF(K20>J20,E20,"Draw")),"") | M20: =IF(AND(ISNUMBER(J20),ISNUMBER(K20)),IF(J20>K20,E20,IF(K20>J20,D20,"Draw")),"") | N20: =IF(AND(ISNUMBER(J20),ISNUMBER(F20)),J20-F20,"") | O20: =IF(AND(ISNUMBER(K20),ISNUMBER(G20)),K20-G20,"") | P20: =IF(OR(H20="",L20=""),"",IF(H20=L20,1,0))
A21: 19 | B21: Jun 16 | C21: J | D21: Argentina | E21: Algeria | F21: 2 | G21: 0 | H21: =IF(AND(ISNUMBER(F21),ISNUMBER(G21)),IF(F21>G21,D21,IF(G21>F21,E21,"Draw")),"") -> Argentina | I21: =IF(AND(ISNUMBER(F21),ISNUMBER(G21)),IF(F21>G21,E21,IF(G21>F21,D21,"Draw")),"") -> Algeria | L21: =IF(AND(ISNUMBER(J21),ISNUMBER(K21)),IF(J21>K21,D21,IF(K21>J21,E21,"Draw")),"") | M21: =IF(AND(ISNUMBER(J21),ISNUMBER(K21)),IF(J21>K21,E21,IF(K21>J21,D21,"Draw")),"") | N21: =IF(AND(ISNUMBER(J21),ISNUMBER(F21)),J21-F21,"") | O21: =IF(AND(ISNUMBER(K21),ISNUMBER(G21)),K21-G21,"") | P21: =IF(OR(H21="",L21=""),"",IF(H21=L21,1,0))
A22: 20 | B22: Jun 16 | C22: J | D22: Austria | E22: Jordan | F22: 1 | G22: 0 | H22: =IF(AND(ISNUMBER(F22),ISNUMBER(G22)),IF(F22>G22,D22,IF(G22>F22,E22,"Draw")),"") -> Austria | I22: =IF(AND(ISNUMBER(F22),ISNUMBER(G22)),IF(F22>G22,E22,IF(G22>F22,D22,"Draw")),"") -> Jordan | L22: =IF(AND(ISNUMBER(J22),ISNUMBER(K22)),IF(J22>K22,D22,IF(K22>J22,E22,"Draw")),"") | M22: =IF(AND(ISNUMBER(J22),ISNUMBER(K22)),IF(J22>K22,E22,IF(K22>J22,D22,"Draw")),"") | N22: =IF(AND(ISNUMBER(J22),ISNUMBER(F22)),J22-F22,"") | O22: =IF(AND(ISNUMBER(K22),ISNUMBER(G22)),K22-G22,"") | P22: =IF(OR(H22="",L22=""),"",IF(H22=L22,1,0))
A23: 21 | B23: Jun 17 | C23: K | D23: Portugal | E23: DR Congo | F23: 3 | G23: 0 | H23: =IF(AND(ISNUMBER(F23),ISNUMBER(G23)),IF(F23>G23,D23,IF(G23>F23,E23,"Draw")),"") -> Portugal | I23: =IF(AND(ISNUMBER(F23),ISNUMBER(G23)),IF(F23>G23,E23,IF(G23>F23,D23,"Draw")),"") -> DR Congo | L23: =IF(AND(ISNUMBER(J23),ISNUMBER(K23)),IF(J23>K23,D23,IF(K23>J23,E23,"Draw")),"") | M23: =IF(AND(ISNUMBER(J23),ISNUMBER(K23)),IF(J23>K23,E23,IF(K23>J23,D23,"Draw")),"") | N23: =IF(AND(ISNUMBER(J23),ISNUMBER(F23)),J23-F23,"") | O23: =IF(AND(ISNUMBER(K23),ISNUMBER(G23)),K23-G23,"") | P23: =IF(OR(H23="",L23=""),"",IF(H23=L23,1,0))
A24: 22 | B24: Jun 17 | C24: L | D24: England | E24: Croatia | F24: 1 | G24: 1 | H24: =IF(AND(ISNUMBER(F24),ISNUMBER(G24)),IF(F24>G24,D24,IF(G24>F24,E24,"Draw")),"") -> Draw | I24: =IF(AND(ISNUMBER(F24),ISNUMBER(G24)),IF(F24>G24,E24,IF(G24>F24,D24,"Draw")),"") -> Draw | L24: =IF(AND(ISNUMBER(J24),ISNUMBER(K24)),IF(J24>K24,D24,IF(K24>J24,E24,"Draw")),"") | M24: =IF(AND(ISNUMBER(J24),ISNUMBER(K24)),IF(J24>K24,E24,IF(K24>J24,D24,"Draw")),"") | N24: =IF(AND(ISNUMBER(J24),ISNUMBER(F24)),J24-F24,"") | O24: =IF(AND(ISNUMBER(K24),ISNUMBER(G24)),K24-G24,"") | P24: =IF(OR(H24="",L24=""),"",IF(H24=L24,1,0))
A25: 23 | B25: Jun 17 | C25: L | D25: Ghana | E25: Panama | F25: 2 | G25: 0 | H25: =IF(AND(ISNUMBER(F25),ISNUMBER(G25)),IF(F25>G25,D25,IF(G25>F25,E25,"Draw")),"") -> Ghana | I25: =IF(AND(ISNUMBER(F25),ISNUMBER(G25)),IF(F25>G25,E25,IF(G25>F25,D25,"Draw")),"") -> Panama | L25: =IF(AND(ISNUMBER(J25),ISNUMBER(K25)),IF(J25>K25,D25,IF(K25>J25,E25,"Draw")),"") | M25: =IF(AND(ISNUMBER(J25),ISNUMBER(K25)),IF(J25>K25,E25,IF(K25>J25,D25,"Draw")),"") | N25: =IF(AND(ISNUMBER(J25),ISNUMBER(F25)),J25-F25,"") | O25: =IF(AND(ISNUMBER(K25),ISNUMBER(G25)),K25-G25,"") | P25: =IF(OR(H25="",L25=""),"",IF(H25=L25,1,0))
A26: 24 | B26: Jun 17 | C26: K | D26: Uzbekistan | E26: Colombia | F26: 0 | G26: 3 | H26: =IF(AND(ISNUMBER(F26),ISNUMBER(G26)),IF(F26>G26,D26,IF(G26>F26,E26,"Draw")),"") -> Colombia | I26: =IF(AND(ISNUMBER(F26),ISNUMBER(G26)),IF(F26>G26,E26,IF(G26>F26,D26,"Draw")),"") -> Uzbekistan | L26: =IF(AND(ISNUMBER(J26),ISNUMBER(K26)),IF(J26>K26,D26,IF(K26>J26,E26,"Draw")),"") | M26: =IF(AND(ISNUMBER(J26),ISNUMBER(K26)),IF(J26>K26,E26,IF(K26>J26,D26,"Draw")),"") | N26: =IF(AND(ISNUMBER(J26),ISNUMBER(F26)),J26-F26,"") | O26: =IF(AND(ISNUMBER(K26),ISNUMBER(G26)),K26-G26,"") | P26: =IF(OR(H26="",L26=""),"",IF(H26=L26,1,0))
... A74: 72 | B74: Jun 27 | C74: J | D74: Jordan | E74: Argentina | F74: 0 | G74: 3 | H74: =IF(AND(ISNUMBER(F74),ISNUMBER(G74)),IF(F74>G74,D74,IF(G74>F74,E74,"Draw")),"") -> Argentina | I74: =IF(AND(ISNUMBER(F74),ISNUMBER(G74)),IF(F74>G74,E74,IF(G74>F74,D74,"Draw")),"") -> Jordan | L74: =IF(AND(ISNUMBER(J74),ISNUMBER(K74)),IF(J74>K74,D74,IF(K74>J74,E74,"Draw")),"") | M74: =IF(AND(ISNUMBER(J74),ISNUMBER(K74)),IF(J74>K74,E74,IF(K74>J74,D74,"Draw")),"") | N74: =IF(AND(ISNUMBER(J74),ISNUMBER(F74)),J74-F74,"") | O74: =IF(AND(ISNUMBER(K74),ISNUMBER(G74)),K74-G74,"") | P74: =IF(OR(H74="",L74=""),"",IF(H74=L74,1,0))

Sheet ENG_Long
A1: Grp | B1: Team | C1: Opp | D1: aGF | E1: aGA | F1: aPld | G1: aW | H1: aD | I1: aL | J1: aPts | K1: pGF | L1: pGA | M1: pPld | N1: pW | O1: pD | P1: pL | Q1: pPts
A2: A | B2: ='Group Matches'!D3 -> Mexico | C2: ='Group Matches'!E3 -> South Africa | D2: =IF(ISNUMBER('Group Matches'!F3),'Group Matches'!F3,0) -> 1 | E2: =IF(ISNUMBER('Group Matches'!G3),'Group Matches'!G3,0) -> 0 | F2: =IF(AND(ISNUMBER('Group Matches'!F3),ISNUMBER('Group Matches'!G3)),1,0) -> 1 | G2: =IF(AND(F2=1,D2>E2),1,0) -> 1 | H2: =IF(AND(F2=1,D2=E2),1,0) -> 0 | I2: =IF(AND(F2=1,D2<E2),1,0) -> 0 | J2: =3*G2+H2 -> 3 | K2: =IF(ISNUMBER('Group Matches'!J3),'Group Matches'!J3,0) -> 2 | L2: =IF(ISNUMBER('Group Matches'!K3),'Group Matches'!K3,0) -> 0 | M2: =IF(AND(ISNUMBER('Group Matches'!J3),ISNUMBER('Group Matches'!K3)),1,0) -> 1 | N2: =IF(AND(M2=1,K2>L2),1,0) -> 1 | O2: =IF(AND(M2=1,K2=L2),1,0) -> 0 | P2: =IF(AND(M2=1,K2<L2),1,0) -> 0 | Q2: =3*N2+O2 -> 3
A3: A | B3: ='Group Matches'!E3 -> South Africa | C3: ='Group Matches'!D3 -> Mexico | D3: =IF(ISNUMBER('Group Matches'!G3),'Group Matches'!G3,0) -> 0 | E3: =IF(ISNUMBER('Group Matches'!F3),'Group Matches'!F3,0) -> 1 | F3: =IF(AND(ISNUMBER('Group Matches'!G3),ISNUMBER('Group Matches'!F3)),1,0) -> 1 | G3: =IF(AND(F3=1,D3>E3),1,0) -> 0 | H3: =IF(AND(F3=1,D3=E3),1,0) -> 0 | I3: =IF(AND(F3=1,D3<E3),1,0) -> 1 | J3: =3*G3+H3 -> 0 | K3: =IF(ISNUMBER('Group Matches'!K3),'Group Matches'!K3,0) -> 0 | L3: =IF(ISNUMBER('Group Matches'!J3),'Group Matches'!J3,0) -> 2 | M3: =IF(AND(ISNUMBER('Group Matches'!K3),ISNUMBER('Group Matches'!J3)),1,0) -> 1 | N3: =IF(AND(M3=1,K3>L3),1,0) -> 0 | O3: =IF(AND(M3=1,K3=L3),1,0) -> 0 | P3: =IF(AND(M3=1,K3<L3),1,0) -> 1 | Q3: =3*N3+O3 -> 0
A4: A | B4: ='Group Matches'!D4 -> South Korea | C4: ='Group Matches'!E4 -> Czechia | D4: =IF(ISNUMBER('Group Matches'!F4),'Group Matches'!F4,0) -> 1 | E4: =IF(ISNUMBER('Group Matches'!G4),'Group Matches'!G4,0) -> 0 | F4: =IF(AND(ISNUMBER('Group Matches'!F4),ISNUMBER('Group Matches'!G4)),1,0) -> 1 | G4: =IF(AND(F4=1,D4>E4),1,0) -> 1 | H4: =IF(AND(F4=1,D4=E4),1,0) -> 0 | I4: =IF(AND(F4=1,D4<E4),1,0) -> 0 | J4: =3*G4+H4 -> 3 | K4: =IF(ISNUMBER('Group Matches'!J4),'Group Matches'!J4,0) -> 2 | L4: =IF(ISNUMBER('Group Matches'!K4),'Group Matches'!K4,0) -> 1 | M4: =IF(AND(ISNUMBER('Group Matches'!J4),ISNUMBER('Group Matches'!K4)),1,0) -> 1 | N4: =IF(AND(M4=1,K4>L4),1,0) -> 1 | O4: =IF(AND(M4=1,K4=L4),1,0) -> 0 | P4: =IF(AND(M4=1,K4<L4),1,0) -> 0 | Q4: =3*N4+O4 -> 3
A5: A | B5: ='Group Matches'!E4 -> Czechia | C5: ='Group Matches'!D4 -> South Korea | D5: =IF(ISNUMBER('Group Matches'!G4),'Group Matches'!G4,0) -> 0 | E5: =IF(ISNUMBER('Group Matches'!F4),'Group Matches'!F4,0) -> 1 | F5: =IF(AND(ISNUMBER('Group Matches'!G4),ISNUMBER('Group Matches'!F4)),1,0) -> 1 | G5: =IF(AND(F5=1,D5>E5),1,0) -> 0 | H5: =IF(AND(F5=1,D5=E5),1,0) -> 0 | I5: =IF(AND(F5=1,D5<E5),1,0) -> 1 | J5: =3*G5+H5 -> 0 | K5: =IF(ISNUMBER('Group Matches'!K4),'Group Matches'!K4,0) -> 1 | L5: =IF(ISNUMBER('Group Matches'!J4),'Group Matches'!J4,0) -> 2 | M5: =IF(AND(ISNUMBER('Group Matches'!K4),ISNUMBER('Group Matches'!J4)),1,0) -> 1 | N5: =IF(AND(M5=1,K5>L5),1,0) -> 0 | O5: =IF(AND(M5=1,K5=L5),1,0) -> 0 | P5: =IF(AND(M5=1,K5<L5),1,0) -> 1 | Q5: =3*N5+O5 -> 0
A6: B | B6: ='Group Matches'!D5 -> Canada | C6: ='Group Matches'!E5 -> Bosnia & Herzegovina | D6: =IF(ISNUMBER('Group Matches'!F5),'Group Matches'!F5,0) -> 0 | E6: =IF(ISNUMBER('Group Matches'!G5),'Group Matches'!G5,0) -> 1 | F6: =IF(AND(ISNUMBER('Group Matches'!F5),ISNUMBER('Group Matches'!G5)),1,0) -> 1 | G6: =IF(AND(F6=1,D6>E6),1,0) -> 0 | H6: =IF(AND(F6=1,D6=E6),1,0) -> 0 | I6: =IF(AND(F6=1,D6<E6),1,0) -> 1 | J6: =3*G6+H6 -> 0 | K6: =IF(ISNUMBER('Group Matches'!J5),'Group Matches'!J5,0) -> 1 | L6: =IF(ISNUMBER('Group Matches'!K5),'Group Matches'!K5,0) -> 1 | M6: =IF(AND(ISNUMBER('Group Matches'!J5),ISNUMBER('Group Matches'!K5)),1,0) -> 1 | N6: =IF(AND(M6=1,K6>L6),1,0) -> 0 | O6: =IF(AND(M6=1,K6=L6),1,0) -> 1 | P6: =IF(AND(M6=1,K6<L6),1,0) -> 0 | Q6: =3*N6+O6 -> 1
A7: B | B7: ='Group Matches'!E5 -> Bosnia & Herzegovina | C7: ='Group Matches'!D5 -> Canada | D7: =IF(ISNUMBER('Group Matches'!G5),'Group Matches'!G5,0) -> 1 | E7: =IF(ISNUMBER('Group Matches'!F5),'Group Matches'!F5,0) -> 0 | F7: =IF(AND(ISNUMBER('Group Matches'!G5),ISNUMBER('Group Matches'!F5)),1,0) -> 1 | G7: =IF(AND(F7=1,D7>E7),1,0) -> 1 | H7: =IF(AND(F7=1,D7=E7),1,0) -> 0 | I7: =IF(AND(F7=1,D7<E7),1,0) -> 0 | J7: =3*G7+H7 -> 3 | K7: =IF(ISNUMBER('Group Matches'!K5),'Group Matches'!K5,0) -> 1 | L7: =IF(ISNUMBER('Group Matches'!J5),'Group Matches'!J5,0) -> 1 | M7: =IF(AND(ISNUMBER('Group Matches'!K5),ISNUMBER('Group Matches'!J5)),1,0) -> 1 | N7: =IF(AND(M7=1,K7>L7),1,0) -> 0 | O7: =IF(AND(M7=1,K7=L7),1,0) -> 1 | P7: =IF(AND(M7=1,K7<L7),1,0) -> 0 | Q7: =3*N7+O7 -> 1
A8: D | B8: ='Group Matches'!D6 -> United States | C8: ='Group Matches'!E6 -> Paraguay | D8: =IF(ISNUMBER('Group Matches'!F6),'Group Matches'!F6,0) -> 2 | E8: =IF(ISNUMBER('Group Matches'!G6),'Group Matches'!G6,0) -> 1 | F8: =IF(AND(ISNUMBER('Group Matches'!F6),ISNUMBER('Group Matches'!G6)),1,0) -> 1 | G8: =IF(AND(F8=1,D8>E8),1,0) -> 1 | H8: =IF(AND(F8=1,D8=E8),1,0) -> 0 | I8: =IF(AND(F8=1,D8<E8),1,0) -> 0 | J8: =3*G8+H8 -> 3 | K8: =IF(ISNUMBER('Group Matches'!J6),'Group Matches'!J6,0) -> 4 | L8: =IF(ISNUMBER('Group Matches'!K6),'Group Matches'!K6,0) -> 1 | M8: =IF(AND(ISNUMBER('Group Matches'!J6),ISNUMBER('Group Matches'!K6)),1,0) -> 1 | N8: =IF(AND(M8=1,K8>L8),1,0) -> 1 | O8: =IF(AND(M8=1,K8=L8),1,0) -> 0 | P8: =IF(AND(M8=1,K8<L8),1,0) -> 0 | Q8: =3*N8+O8 -> 3
A9: D | B9: ='Group Matches'!E6 -> Paraguay | C9: ='Group Matches'!D6 -> United States | D9: =IF(ISNUMBER('Group Matches'!G6),'Group Matches'!G6,0) -> 1 | E9: =IF(ISNUMBER('Group Matches'!F6),'Group Matches'!F6,0) -> 2 | F9: =IF(AND(ISNUMBER('Group Matches'!G6),ISNUMBER('Group Matches'!F6)),1,0) -> 1 | G9: =IF(AND(F9=1,D9>E9),1,0) -> 0 | H9: =IF(AND(F9=1,D9=E9),1,0) -> 0 | I9: =IF(AND(F9=1,D9<E9),1,0) -> 1 | J9: =3*G9+H9 -> 0 | K9: =IF(ISNUMBER('Group Matches'!K6),'Group Matches'!K6,0) -> 1 | L9: =IF(ISNUMBER('Group Matches'!J6),'Group Matches'!J6,0) -> 4 | M9: =IF(AND(ISNUMBER('Group Matches'!K6),ISNUMBER('Group Matches'!J6)),1,0) -> 1 | N9: =IF(AND(M9=1,K9>L9),1,0) -> 0 | O9: =IF(AND(M9=1,K9=L9),1,0) -> 0 | P9: =IF(AND(M9=1,K9<L9),1,0) -> 1 | Q9: =3*N9+O9 -> 0
A10: B | B10: ='Group Matches'!D7 -> Qatar | C10: ='Group Matches'!E7 -> Switzerland | D10: =IF(ISNUMBER('Group Matches'!F7),'Group Matches'!F7,0) -> 0 | E10: =IF(ISNUMBER('Group Matches'!G7),'Group Matches'!G7,0) -> 2 | F10: =IF(AND(ISNUMBER('Group Matches'!F7),ISNUMBER('Group Matches'!G7)),1,0) -> 1 | G10: =IF(AND(F10=1,D10>E10),1,0) -> 0 | H10: =IF(AND(F10=1,D10=E10),1,0) -> 0 | I10: =IF(AND(F10=1,D10<E10),1,0) -> 1 | J10: =3*G10+H10 -> 0 | K10: =IF(ISNUMBER('Group Matches'!J7),'Group Matches'!J7,0) -> 1 | L10: =IF(ISNUMBER('Group Matches'!K7),'Group Matches'!K7,0) -> 1 | M10: =IF(AND(ISNUMBER('Group Matches'!J7),ISNUMBER('Group Matches'!K7)),1,0) -> 1 | N10: =IF(AND(M10=1,K10>L10),1,0) -> 0 | O10: =IF(AND(M10=1,K10=L10),1,0) -> 1 | P10: =IF(AND(M10=1,K10<L10),1,0) -> 0 | Q10: =3*N10+O10 -> 1
A11: B | B11: ='Group Matches'!E7 -> Switzerland | C11: ='Group Matches'!D7 -> Qatar | D11: =IF(ISNUMBER('Group Matches'!G7),'Group Matches'!G7,0) -> 2 | E11: =IF(ISNUMBER('Group Matches'!F7),'Group Matches'!F7,0) -> 0 | F11: =IF(AND(ISNUMBER('Group Matches'!G7),ISNUMBER('Group Matches'!F7)),1,0) -> 1 | G11: =IF(AND(F11=1,D11>E11),1,0) -> 1 | H11: =IF(AND(F11=1,D11=E11),1,0) -> 0 | I11: =IF(AND(F11=1,D11<E11),1,0) -> 0 | J11: =3*G11+H11 -> 3 | K11: =IF(ISNUMBER('Group Matches'!K7),'Group Matches'!K7,0) -> 1 | L11: =IF(ISNUMBER('Group Matches'!J7),'Group Matches'!J7,0) -> 1 | M11: =IF(AND(ISNUMBER('Group Matches'!K7),ISNUMBER('Group Matches'!J7)),1,0) -> 1 | N11: =IF(AND(M11=1,K11>L11),1,0) -> 0 | O11: =IF(AND(M11=1,K11=L11),1,0) -> 1 | P11: =IF(AND(M11=1,K11<L11),1,0) -> 0 | Q11: =3*N11+O11 -> 1
A12: C | B12: ='Group Matches'!D8 -> Brazil | C12: ='Group Matches'!E8 -> Morocco | D12: =IF(ISNUMBER('Group Matches'!F8),'Group Matches'!F8,0) -> 2 | E12: =IF(ISNUMBER('Group Matches'!G8),'Group Matches'!G8,0) -> 1 | F12: =IF(AND(ISNUMBER('Group Matches'!F8),ISNUMBER('Group Matches'!G8)),1,0) -> 1 | G12: =IF(AND(F12=1,D12>E12),1,0) -> 1 | H12: =IF(AND(F12=1,D12=E12),1,0) -> 0 | I12: =IF(AND(F12=1,D12<E12),1,0) -> 0 | J12: =3*G12+H12 -> 3 | K12: =IF(ISNUMBER('Group Matches'!J8),'Group Matches'!J8,0) -> 1 | L12: =IF(ISNUMBER('Group Matches'!K8),'Group Matches'!K8,0) -> 1 | M12: =IF(AND(ISNUMBER('Group Matches'!J8),ISNUMBER('Group Matches'!K8)),1,0) -> 1 | N12: =IF(AND(M12=1,K12>L12),1,0) -> 0 | O12: =IF(AND(M12=1,K12=L12),1,0) -> 1 | P12: =IF(AND(M12=1,K12<L12),1,0) -> 0 | Q12: =3*N12+O12 -> 1
A13: C | B13: ='Group Matches'!E8 -> Morocco | C13: ='Group Matches'!D8 -> Brazil | D13: =IF(ISNUMBER('Group Matches'!G8),'Group Matches'!G8,0) -> 1 | E13: =IF(ISNUMBER('Group Matches'!F8),'Group Matches'!F8,0) -> 2 | F13: =IF(AND(ISNUMBER('Group Matches'!G8),ISNUMBER('Group Matches'!F8)),1,0) -> 1 | G13: =IF(AND(F13=1,D13>E13),1,0) -> 0 | H13: =IF(AND(F13=1,D13=E13),1,0) -> 0 | I13: =IF(AND(F13=1,D13<E13),1,0) -> 1 | J13: =3*G13+H13 -> 0 | K13: =IF(ISNUMBER('Group Matches'!K8),'Group Matches'!K8,0) -> 1 | L13: =IF(ISNUMBER('Group Matches'!J8),'Group Matches'!J8,0) -> 1 | M13: =IF(AND(ISNUMBER('Group Matches'!K8),ISNUMBER('Group Matches'!J8)),1,0) -> 1 | N13: =IF(AND(M13=1,K13>L13),1,0) -> 0 | O13: =IF(AND(M13=1,K13=L13),1,0) -> 1 | P13: =IF(AND(M13=1,K13<L13),1,0) -> 0 | Q13: =3*N13+O13 -> 1
A14: C | B14: ='Group Matches'!D9 -> Haiti | C14: ='Group Matches'!E9 -> Scotland | D14: =IF(ISNUMBER('Group Matches'!F9),'Group Matches'!F9,0) -> 0 | E14: =IF(ISNUMBER('Group Matches'!G9),'Group Matches'!G9,0) -> 2 | F14: =IF(AND(ISNUMBER('Group Matches'!F9),ISNUMBER('Group Matches'!G9)),1,0) -> 1 | G14: =IF(AND(F14=1,D14>E14),1,0) -> 0 | H14: =IF(AND(F14=1,D14=E14),1,0) -> 0 | I14: =IF(AND(F14=1,D14<E14),1,0) -> 1 | J14: =3*G14+H14 -> 0 | K14: =IF(ISNUMBER('Group Matches'!J9),'Group Matches'!J9,0) -> 0 | L14: =IF(ISNUMBER('Group Matches'!K9),'Group Matches'!K9,0) -> 1 | M14: =IF(AND(ISNUMBER('Group Matches'!J9),ISNUMBER('Group Matches'!K9)),1,0) -> 1 | N14: =IF(AND(M14=1,K14>L14),1,0) -> 0 | O14: =IF(AND(M14=1,K14=L14),1,0) -> 0 | P14: =IF(AND(M14=1,K14<L14),1,0) -> 1 | Q14: =3*N14+O14 -> 0
A15: C | B15: ='Group Matches'!E9 -> Scotland | C15: ='Group Matches'!D9 -> Haiti | D15: =IF(ISNUMBER('Group Matches'!G9),'Group Matches'!G9,0) -> 2 | E15: =IF(ISNUMBER('Group Matches'!F9),'Group Matches'!F9,0) -> 0 | F15: =IF(AND(ISNUMBER('Group Matches'!G9),ISNUMBER('Group Matches'!F9)),1,0) -> 1 | G15: =IF(AND(F15=1,D15>E15),1,0) -> 1 | H15: =IF(AND(F15=1,D15=E15),1,0) -> 0 | I15: =IF(AND(F15=1,D15<E15),1,0) -> 0 | J15: =3*G15+H15 -> 3 | K15: =IF(ISNUMBER('Group Matches'!K9),'Group Matches'!K9,0) -> 1 | L15: =IF(ISNUMBER('Group Matches'!J9),'Group Matches'!J9,0) -> 0 | M15: =IF(AND(ISNUMBER('Group Matches'!K9),ISNUMBER('Group Matches'!J9)),1,0) -> 1 | N15: =IF(AND(M15=1,K15>L15),1,0) -> 1 | O15: =IF(AND(M15=1,K15=L15),1,0) -> 0 | P15: =IF(AND(M15=1,K15<L15),1,0) -> 0 | Q15: =3*N15+O15 -> 3
A16: D | B16: ='Group Matches'!D10 -> Australia | C16: ='Group Matches'!E10 -> Türkiye | D16: =IF(ISNUMBER('Group Matches'!F10),'Group Matches'!F10,0) -> 0 | E16: =IF(ISNUMBER('Group Matches'!G10),'Group Matches'!G10,0) -> 3 | F16: =IF(AND(ISNUMBER('Group Matches'!F10),ISNUMBER('Group Matches'!G10)),1,0) -> 1 | G16: =IF(AND(F16=1,D16>E16),1,0) -> 0 | H16: =IF(AND(F16=1,D16=E16),1,0) -> 0 | I16: =IF(AND(F16=1,D16<E16),1,0) -> 1 | J16: =3*G16+H16 -> 0 | K16: =IF(ISNUMBER('Group Matches'!J10),'Group Matches'!J10,0) -> 2 | L16: =IF(ISNUMBER('Group Matches'!K10),'Group Matches'!K10,0) -> 0 | M16: =IF(AND(ISNUMBER('Group Matches'!J10),ISNUMBER('Group Matches'!K10)),1,0) -> 1 | N16: =IF(AND(M16=1,K16>L16),1,0) -> 1 | O16: =IF(AND(M16=1,K16=L16),1,0) -> 0 | P16: =IF(AND(M16=1,K16<L16),1,0) -> 0 | Q16: =3*N16+O16 -> 3
A17: D | B17: ='Group Matches'!E10 -> Türkiye | C17: ='Group Matches'!D10 -> Australia | D17: =IF(ISNUMBER('Group Matches'!G10),'Group Matches'!G10,0) -> 3 | E17: =IF(ISNUMBER('Group Matches'!F10),'Group Matches'!F10,0) -> 0 | F17: =IF(AND(ISNUMBER('Group Matches'!G10),ISNUMBER('Group Matches'!F10)),1,0) -> 1 | G17: =IF(AND(F17=1,D17>E17),1,0) -> 1 | H17: =IF(AND(F17=1,D17=E17),1,0) -> 0 | I17: =IF(AND(F17=1,D17<E17),1,0) -> 0 | J17: =3*G17+H17 -> 3 | K17: =IF(ISNUMBER('Group Matches'!K10),'Group Matches'!K10,0) -> 0 | L17: =IF(ISNUMBER('Group Matches'!J10),'Group Matches'!J10,0) -> 2 | M17: =IF(AND(ISNUMBER('Group Matches'!K10),ISNUMBER('Group Matches'!J10)),1,0) -> 1 | N17: =IF(AND(M17=1,K17>L17),1,0) -> 0 | O17: =IF(AND(M17=1,K17=L17),1,0) -> 0 | P17: =IF(AND(M17=1,K17<L17),1,0) -> 1 | Q17: =3*N17+O17 -> 0
A18: E | B18: ='Group Matches'!D11 -> Germany | C18: ='Group Matches'!E11 -> Curaçao | D18: =IF(ISNUMBER('Group Matches'!F11),'Group Matches'!F11,0) -> 2 | E18: =IF(ISNUMBER('Group Matches'!G11),'Group Matches'!G11,0) -> 0 | F18: =IF(AND(ISNUMBER('Group Matches'!F11),ISNUMBER('Group Matches'!G11)),1,0) -> 1 | G18: =IF(AND(F18=1,D18>E18),1,0) -> 1 | H18: =IF(AND(F18=1,D18=E18),1,0) -> 0 | I18: =IF(AND(F18=1,D18<E18),1,0) -> 0 | J18: =3*G18+H18 -> 3 | K18: =IF(ISNUMBER('Group Matches'!J11),'Group Matches'!J11,0) -> 7 | L18: =IF(ISNUMBER('Group Matches'!K11),'Group Matches'!K11,0) -> 1 | M18: =IF(AND(ISNUMBER('Group Matches'!J11),ISNUMBER('Group Matches'!K11)),1,0) -> 1 | N18: =IF(AND(M18=1,K18>L18),1,0) -> 1 | O18: =IF(AND(M18=1,K18=L18),1,0) -> 0 | P18: =IF(AND(M18=1,K18<L18),1,0) -> 0 | Q18: =3*N18+O18 -> 3
A19: E | B19: ='Group Matches'!E11 -> Curaçao | C19: ='Group Matches'!D11 -> Germany | D19: =IF(ISNUMBER('Group Matches'!G11),'Group Matches'!G11,0) -> 0 | E19: =IF(ISNUMBER('Group Matches'!F11),'Group Matches'!F11,0) -> 2 | F19: =IF(AND(ISNUMBER('Group Matches'!G11),ISNUMBER('Group Matches'!F11)),1,0) -> 1 | G19: =IF(AND(F19=1,D19>E19),1,0) -> 0 | H19: =IF(AND(F19=1,D19=E19),1,0) -> 0 | I19: =IF(AND(F19=1,D19<E19),1,0) -> 1 | J19: =3*G19+H19 -> 0 | K19: =IF(ISNUMBER('Group Matches'!K11),'Group Matches'!K11,0) -> 1 | L19: =IF(ISNUMBER('Group Matches'!J11),'Group Matches'!J11,0) -> 7 | M19: =IF(AND(ISNUMBER('Group Matches'!K11),ISNUMBER('Group Matches'!J11)),1,0) -> 1 | N19: =IF(AND(M19=1,K19>L19),1,0) -> 0 | O19: =IF(AND(M19=1,K19=L19),1,0) -> 0 | P19: =IF(AND(M19=1,K19<L19),1,0) -> 1 | Q19: =3*N19+O19 -> 0
A20: F | B20: ='Group Matches'!D12 -> Netherlands | C20: ='Group Matches'!E12 -> Japan | D20: =IF(ISNUMBER('Group Matches'!F12),'Group Matches'!F12,0) -> 1 | E20: =IF(ISNUMBER('Group Matches'!G12),'Group Matches'!G12,0) -> 0 | F20: =IF(AND(ISNUMBER('Group Matches'!F12),ISNUMBER('Group Matches'!G12)),1,0) -> 1 | G20: =IF(AND(F20=1,D20>E20),1,0) -> 1 | H20: =IF(AND(F20=1,D20=E20),1,0) -> 0 | I20: =IF(AND(F20=1,D20<E20),1,0) -> 0 | J20: =3*G20+H20 -> 3 | K20: =IF(ISNUMBER('Group Matches'!J12),'Group Matches'!J12,0) -> 2 | L20: =IF(ISNUMBER('Group Matches'!K12),'Group Matches'!K12,0) -> 2 | M20: =IF(AND(ISNUMBER('Group Matches'!J12),ISNUMBER('Group Matches'!K12)),1,0) -> 1 | N20: =IF(AND(M20=1,K20>L20),1,0) -> 0 | O20: =IF(AND(M20=1,K20=L20),1,0) -> 1 | P20: =IF(AND(M20=1,K20<L20),1,0) -> 0 | Q20: =3*N20+O20 -> 1
A21: F | B21: ='Group Matches'!E12 -> Japan | C21: ='Group Matches'!D12 -> Netherlands | D21: =IF(ISNUMBER('Group Matches'!G12),'Group Matches'!G12,0) -> 0 | E21: =IF(ISNUMBER('Group Matches'!F12),'Group Matches'!F12,0) -> 1 | F21: =IF(AND(ISNUMBER('Group Matches'!G12),ISNUMBER('Group Matches'!F12)),1,0) -> 1 | G21: =IF(AND(F21=1,D21>E21),1,0) -> 0 | H21: =IF(AND(F21=1,D21=E21),1,0) -> 0 | I21: =IF(AND(F21=1,D21<E21),1,0) -> 1 | J21: =3*G21+H21 -> 0 | K21: =IF(ISNUMBER('Group Matches'!K12),'Group Matches'!K12,0) -> 2 | L21: =IF(ISNUMBER('Group Matches'!J12),'Group Matches'!J12,0) -> 2 | M21: =IF(AND(ISNUMBER('Group Matches'!K12),ISNUMBER('Group Matches'!J12)),1,0) -> 1 | N21: =IF(AND(M21=1,K21>L21),1,0) -> 0 | O21: =IF(AND(M21=1,K21=L21),1,0) -> 1 | P21: =IF(AND(M21=1,K21<L21),1,0) -> 0 | Q21: =3*N21+O21 -> 1
A22: E | B22: ='Group Matches'!D13 -> Côte d'Ivoire | C22: ='Group Matches'!E13 -> Ecuador | D22: =IF(ISNUMBER('Group Matches'!F13),'Group Matches'!F13,0) -> 0 | E22: =IF(ISNUMBER('Group Matches'!G13),'Group Matches'!G13,0) -> 2 | F22: =IF(AND(ISNUMBER('Group Matches'!F13),ISNUMBER('Group Matches'!G13)),1,0) -> 1 | G22: =IF(AND(F22=1,D22>E22),1,0) -> 0 | H22: =IF(AND(F22=1,D22=E22),1,0) -> 0 | I22: =IF(AND(F22=1,D22<E22),1,0) -> 1 | J22: =3*G22+H22 -> 0 | K22: =IF(ISNUMBER('Group Matches'!J13),'Group Matches'!J13,0) -> 1 | L22: =IF(ISNUMBER('Group Matches'!K13),'Group Matches'!K13,0) -> 0 | M22: =IF(AND(ISNUMBER('Group Matches'!J13),ISNUMBER('Group Matches'!K13)),1,0) -> 1 | N22: =IF(AND(M22=1,K22>L22),1,0) -> 1 | O22: =IF(AND(M22=1,K22=L22),1,0) -> 0 | P22: =IF(AND(M22=1,K22<L22),1,0) -> 0 | Q22: =3*N22+O22 -> 3
A23: E | B23: ='Group Matches'!E13 -> Ecuador | C23: ='Group Matches'!D13 -> Côte d'Ivoire | D23: =IF(ISNUMBER('Group Matches'!G13),'Group Matches'!G13,0) -> 2 | E23: =IF(ISNUMBER('Group Matches'!F13),'Group Matches'!F13,0) -> 0 | F23: =IF(AND(ISNUMBER('Group Matches'!G13),ISNUMBER('Group Matches'!F13)),1,0) -> 1 | G23: =IF(AND(F23=1,D23>E23),1,0) -> 1 | H23: =IF(AND(F23=1,D23=E23),1,0) -> 0 | I23: =IF(AND(F23=1,D23<E23),1,0) -> 0 | J23: =3*G23+H23 -> 3 | K23: =IF(ISNUMBER('Group Matches'!K13),'Group Matches'!K13,0) -> 0 | L23: =IF(ISNUMBER('Group Matches'!J13),'Group Matches'!J13,0) -> 1 | M23: =IF(AND(ISNUMBER('Group Matches'!K13),ISNUMBER('Group Matches'!J13)),1,0) -> 1 | N23: =IF(AND(M23=1,K23>L23),1,0) -> 0 | O23: =IF(AND(M23=1,K23=L23),1,0) -> 0 | P23: =IF(AND(M23=1,K23<L23),1,0) -> 1 | Q23: =3*N23+O23 -> 0
A24: F | B24: ='Group Matches'!D14 -> Sweden | C24: ='Group Matches'!E14 -> Tunisia | D24: =IF(ISNUMBER('Group Matches'!F14),'Group Matches'!F14,0) -> 1 | E24: =IF(ISNUMBER('Group Matches'!G14),'Group Matches'!G14,0) -> 0 | F24: =IF(AND(ISNUMBER('Group Matches'!F14),ISNUMBER('Group Matches'!G14)),1,0) -> 1 | G24: =IF(AND(F24=1,D24>E24),1,0) -> 1 | H24: =IF(AND(F24=1,D24=E24),1,0) -> 0 | I24: =IF(AND(F24=1,D24<E24),1,0) -> 0 | J24: =3*G24+H24 -> 3 | K24: =IF(ISNUMBER('Group Matches'!J14),'Group Matches'!J14,0) -> 5 | L24: =IF(ISNUMBER('Group Matches'!K14),'Group Matches'!K14,0) -> 1 | M24: =IF(AND(ISNUMBER('Group Matches'!J14),ISNUMBER('Group Matches'!K14)),1,0) -> 1 | N24: =IF(AND(M24=1,K24>L24),1,0) -> 1 | O24: =IF(AND(M24=1,K24=L24),1,0) -> 0 | P24: =IF(AND(M24=1,K24<L24),1,0) -> 0 | Q24: =3*N24+O24 -> 3
A25: F | B25: ='Group Matches'!E14 -> Tunisia | C25: ='Group Matches'!D14 -> Sweden | D25: =IF(ISNUMBER('Group Matches'!G14),'Group Matches'!G14,0) -> 0 | E25: =IF(ISNUMBER('Group Matches'!F14),'Group Matches'!F14,0) -> 1 | F25: =IF(AND(ISNUMBER('Group Matches'!G14),ISNUMBER('Group Matches'!F14)),1,0) -> 1 | G25: =IF(AND(F25=1,D25>E25),1,0) -> 0 | H25: =IF(AND(F25=1,D25=E25),1,0) -> 0 | I25: =IF(AND(F25=1,D25<E25),1,0) -> 1 | J25: =3*G25+H25 -> 0 | K25: =IF(ISNUMBER('Group Matches'!K14),'Group Matches'!K14,0) -> 1 | L25: =IF(ISNUMBER('Group Matches'!J14),'Group Matches'!J14,0) -> 5 | M25: =IF(AND(ISNUMBER('Group Matches'!K14),ISNUMBER('Group Matches'!J14)),1,0) -> 1 | N25: =IF(AND(M25=1,K25>L25),1,0) -> 0 | O25: =IF(AND(M25=1,K25=L25),1,0) -> 0 | P25: =IF(AND(M25=1,K25<L25),1,0) -> 1 | Q25: =3*N25+O25 -> 0
A26: H | B26: ='Group Matches'!D15 -> Spain | C26: ='Group Matches'!E15 -> Cabo Verde | D26: =IF(ISNUMBER('Group Matches'!F15),'Group Matches'!F15,0) -> 3 | E26: =IF(ISNUMBER('Group Matches'!G15),'Group Matches'!G15,0) -> 0 | F26: =IF(AND(ISNUMBER('Group Matches'!F15),ISNUMBER('Group Matches'!G15)),1,0) -> 1 | G26: =IF(AND(F26=1,D26>E26),1,0) -> 1 | H26: =IF(AND(F26=1,D26=E26),1,0) -> 0 | I26: =IF(AND(F26=1,D26<E26),1,0) -> 0 | J26: =3*G26+H26 -> 3 | K26: =IF(ISNUMBER('Group Matches'!J15),'Group Matches'!J15,0) -> 0 | L26: =IF(ISNUMBER('Group Matches'!K15),'Group Matches'!K15,0) -> 0 | M26: =IF(AND(ISNUMBER('Group Matches'!J15),ISNUMBER('Group Matches'!K15)),1,0) -> 0 | N26: =IF(AND(M26=1,K26>L26),1,0) -> 0 | O26: =IF(AND(M26=1,K26=L26),1,0) -> 0 | P26: =IF(AND(M26=1,K26<L26),1,0) -> 0 | Q26: =3*N26+O26 -> 0
A27: H | B27: ='Group Matches'!E15 -> Cabo Verde | C27: ='Group Matches'!D15 -> Spain | D27: =IF(ISNUMBER('Group Matches'!G15),'Group Matches'!G15,0) -> 0 | E27: =IF(ISNUMBER('Group Matches'!F15),'Group Matches'!F15,0) -> 3 | F27: =IF(AND(ISNUMBER('Group Matches'!G15),ISNUMBER('Group Matches'!F15)),1,0) -> 1 | G27: =IF(AND(F27=1,D27>E27),1,0) -> 0 | H27: =IF(AND(F27=1,D27=E27),1,0) -> 0 | I27: =IF(AND(F27=1,D27<E27),1,0) -> 1 | J27: =3*G27+H27 -> 0 | K27: =IF(ISNUMBER('Group Matches'!K15),'Group Matches'!K15,0) -> 0 | L27: =IF(ISNUMBER('Group Matches'!J15),'Group Matches'!J15,0) -> 0 | M27: =IF(AND(ISNUMBER('Group Matches'!K15),ISNUMBER('Group Matches'!J15)),1,0) -> 0 | N27: =IF(AND(M27=1,K27>L27),1,0) -> 0 | O27: =IF(AND(M27=1,K27=L27),1,0) -> 0 | P27: =IF(AND(M27=1,K27<L27),1,0) -> 0 | Q27: =3*N27+O27 -> 0
A28: G | B28: ='Group Matches'!D16 -> Belgium | C28: ='Group Matches'!E16 -> Egypt | D28: =IF(ISNUMBER('Group Matches'!F16),'Group Matches'!F16,0) -> 1 | E28: =IF(ISNUMBER('Group Matches'!G16),'Group Matches'!G16,0) -> 1 | F28: =IF(AND(ISNUMBER('Group Matches'!F16),ISNUMBER('Group Matches'!G16)),1,0) -> 1 | G28: =IF(AND(F28=1,D28>E28),1,0) -> 0 | H28: =IF(AND(F28=1,D28=E28),1,0) -> 1 | I28: =IF(AND(F28=1,D28<E28),1,0) -> 0 | J28: =3*G28+H28 -> 1 | K28: =IF(ISNUMBER('Group Matches'!J16),'Group Matches'!J16,0) -> 0 | L28: =IF(ISNUMBER('Group Matches'!K16),'Group Matches'!K16,0) -> 0 | M28: =IF(AND(ISNUMBER('Group Matches'!J16),ISNUMBER('Group Matches'!K16)),1,0) -> 0 | N28: =IF(AND(M28=1,K28>L28),1,0) -> 0 | O28: =IF(AND(M28=1,K28=L28),1,0) -> 0 | P28: =IF(AND(M28=1,K28<L28),1,0) -> 0 | Q28: =3*N28+O28 -> 0
A29: G | B29: ='Group Matches'!E16 -> Egypt | C29: ='Group Matches'!D16 -> Belgium | D29: =IF(ISNUMBER('Group Matches'!G16),'Group Matches'!G16,0) -> 1 | E29: =IF(ISNUMBER('Group Matches'!F16),'Group Matches'!F16,0) -> 1 | F29: =IF(AND(ISNUMBER('Group Matches'!G16),ISNUMBER('Group Matches'!F16)),1,0) -> 1 | G29: =IF(AND(F29=1,D29>E29),1,0) -> 0 | H29: =IF(AND(F29=1,D29=E29),1,0) -> 1 | I29: =IF(AND(F29=1,D29<E29),1,0) -> 0 | J29: =3*G29+H29 -> 1 | K29: =IF(ISNUMBER('Group Matches'!K16),'Group Matches'!K16,0) -> 0 | L29: =IF(ISNUMBER('Group Matches'!J16),'Group Matches'!J16,0) -> 0 | M29: =IF(AND(ISNUMBER('Group Matches'!K16),ISNUMBER('Group Matches'!J16)),1,0) -> 0 | N29: =IF(AND(M29=1,K29>L29),1,0) -> 0 | O29: =IF(AND(M29=1,K29=L29),1,0) -> 0 | P29: =IF(AND(M29=1,K29<L29),1,0) -> 0 | Q29: =3*N29+O29 -> 0
A30: H | B30: ='Group Matches'!D17 -> Saudi Arabia | C30: ='Group Matches'!E17 -> Uruguay | D30: =IF(ISNUMBER('Group Matches'!F17),'Group Matches'!F17,0) -> 0 | E30: =IF(ISNUMBER('Group Matches'!G17),'Group Matches'!G17,0) -> 2 | F30: =IF(AND(ISNUMBER('Group Matches'!F17),ISNUMBER('Group Matches'!G17)),1,0) -> 1 | G30: =IF(AND(F30=1,D30>E30),1,0) -> 0 | H30: =IF(AND(F30=1,D30=E30),1,0) -> 0 | I30: =IF(AND(F30=1,D30<E30),1,0) -> 1 | J30: =3*G30+H30 -> 0 | K30: =IF(ISNUMBER('Group Matches'!J17),'Group Matches'!J17,0) -> 0 | L30: =IF(ISNUMBER('Group Matches'!K17),'Group Matches'!K17,0) -> 0 | M30: =IF(AND(ISNUMBER('Group Matches'!J17),ISNUMBER('Group Matches'!K17)),1,0) -> 0 | N30: =IF(AND(M30=1,K30>L30),1,0) -> 0 | O30: =IF(AND(M30=1,K30=L30),1,0) -> 0 | P30: =IF(AND(M30=1,K30<L30),1,0) -> 0 | Q30: =3*N30+O30 -> 0
A31: H | B31: ='Group Matches'!E17 -> Uruguay | C31: ='Group Matches'!D17 -> Saudi Arabia | D31: =IF(ISNUMBER('Group Matches'!G17),'Group Matches'!G17,0) -> 2 | E31: =IF(ISNUMBER('Group Matches'!F17),'Group Matches'!F17,0) -> 0 | F31: =IF(AND(ISNUMBER('Group Matches'!G17),ISNUMBER('Group Matches'!F17)),1,0) -> 1 | G31: =IF(AND(F31=1,D31>E31),1,0) -> 1 | H31: =IF(AND(F31=1,D31=E31),1,0) -> 0 | I31: =IF(AND(F31=1,D31<E31),1,0) -> 0 | J31: =3*G31+H31 -> 3 | K31: =IF(ISNUMBER('Group Matches'!K17),'Group Matches'!K17,0) -> 0 | L31: =IF(ISNUMBER('Group Matches'!J17),'Group Matches'!J17,0) -> 0 | M31: =IF(AND(ISNUMBER('Group Matches'!K17),ISNUMBER('Group Matches'!J17)),1,0) -> 0 | N31: =IF(AND(M31=1,K31>L31),1,0) -> 0 | O31: =IF(AND(M31=1,K31=L31),1,0) -> 0 | P31: =IF(AND(M31=1,K31<L31),1,0) -> 0 | Q31: =3*N31+O31 -> 0
A32: G | B32: ='Group Matches'!D18 -> Iran | C32: ='Group Matches'!E18 -> New Zealand | D32: =IF(ISNUMBER('Group Matches'!F18),'Group Matches'!F18,0) -> 0 | E32: =IF(ISNUMBER('Group Matches'!G18),'Group Matches'!G18,0) -> 0 | F32: =IF(AND(ISNUMBER('Group Matches'!F18),ISNUMBER('Group Matches'!G18)),1,0) -> 1 | G32: =IF(AND(F32=1,D32>E32),1,0) -> 0 | H32: =IF(AND(F32=1,D32=E32),1,0) -> 1 | I32: =IF(AND(F32=1,D32<E32),1,0) -> 0 | J32: =3*G32+H32 -> 1 | K32: =IF(ISNUMBER('Group Matches'!J18),'Group Matches'!J18,0) -> 0 | L32: =IF(ISNUMBER('Group Matches'!K18),'Group Matches'!K18,0) -> 0 | M32: =IF(AND(ISNUMBER('Group Matches'!J18),ISNUMBER('Group Matches'!K18)),1,0) -> 0 | N32: =IF(AND(M32=1,K32>L32),1,0) -> 0 | O32: =IF(AND(M32=1,K32=L32),1,0) -> 0 | P32: =IF(AND(M32=1,K32<L32),1,0) -> 0 | Q32: =3*N32+O32 -> 0
A33: G | B33: ='Group Matches'!E18 -> New Zealand | C33: ='Group Matches'!D18 -> Iran | D33: =IF(ISNUMBER('Group Matches'!G18),'Group Matches'!G18,0) -> 0 | E33: =IF(ISNUMBER('Group Matches'!F18),'Group Matches'!F18,0) -> 0 | F33: =IF(AND(ISNUMBER('Group Matches'!G18),ISNUMBER('Group Matches'!F18)),1,0) -> 1 | G33: =IF(AND(F33=1,D33>E33),1,0) -> 0 | H33: =IF(AND(F33=1,D33=E33),1,0) -> 1 | I33: =IF(AND(F33=1,D33<E33),1,0) -> 0 | J33: =3*G33+H33 -> 1 | K33: =IF(ISNUMBER('Group Matches'!K18),'Group Matches'!K18,0) -> 0 | L33: =IF(ISNUMBER('Group Matches'!J18),'Group Matches'!J18,0) -> 0 | M33: =IF(AND(ISNUMBER('Group Matches'!K18),ISNUMBER('Group Matches'!J18)),1,0) -> 0 | N33: =IF(AND(M33=1,K33>L33),1,0) -> 0 | O33: =IF(AND(M33=1,K33=L33),1,0) -> 0 | P33: =IF(AND(M33=1,K33<L33),1,0) -> 0 | Q33: =3*N33+O33 -> 0
A34: I | B34: ='Group Matches'!D19 -> France | C34: ='Group Matches'!E19 -> Senegal | D34: =IF(ISNUMBER('Group Matches'!F19),'Group Matches'!F19,0) -> 3 | E34: =IF(ISNUMBER('Group Matches'!G19),'Group Matches'!G19,0) -> 0 | F34: =IF(AND(ISNUMBER('Group Matches'!F19),ISNUMBER('Group Matches'!G19)),1,0) -> 1 | G34: =IF(AND(F34=1,D34>E34),1,0) -> 1 | H34: =IF(AND(F34=1,D34=E34),1,0) -> 0 | I34: =IF(AND(F34=1,D34<E34),1,0) -> 0 | J34: =3*G34+H34 -> 3 | K34: =IF(ISNUMBER('Group Matches'!J19),'Group Matches'!J19,0) -> 0 | L34: =IF(ISNUMBER('Group Matches'!K19),'Group Matches'!K19,0) -> 0 | M34: =IF(AND(ISNUMBER('Group Matches'!J19),ISNUMBER('Group Matches'!K19)),1,0) -> 0 | N34: =IF(AND(M34=1,K34>L34),1,0) -> 0 | O34: =IF(AND(M34=1,K34=L34),1,0) -> 0 | P34: =IF(AND(M34=1,K34<L34),1,0) -> 0 | Q34: =3*N34+O34 -> 0
A35: I | B35: ='Group Matches'!E19 -> Senegal | C35: ='Group Matches'!D19 -> France | D35: =IF(ISNUMBER('Group Matches'!G19),'Group Matches'!G19,0) -> 0 | E35: =IF(ISNUMBER('Group Matches'!F19),'Group Matches'!F19,0) -> 3 | F35: =IF(AND(ISNUMBER('Group Matches'!G19),ISNUMBER('Group Matches'!F19)),1,0) -> 1 | G35: =IF(AND(F35=1,D35>E35),1,0) -> 0 | H35: =IF(AND(F35=1,D35=E35),1,0) -> 0 | I35: =IF(AND(F35=1,D35<E35),1,0) -> 1 | J35: =3*G35+H35 -> 0 | K35: =IF(ISNUMBER('Group Matches'!K19),'Group Matches'!K19,0) -> 0 | L35: =IF(ISNUMBER('Group Matches'!J19),'Group Matches'!J19,0) -> 0 | M35: =IF(AND(ISNUMBER('Group Matches'!K19),ISNUMBER('Group Matches'!J19)),1,0) -> 0 | N35: =IF(AND(M35=1,K35>L35),1,0) -> 0 | O35: =IF(AND(M35=1,K35=L35),1,0) -> 0 | P35: =IF(AND(M35=1,K35<L35),1,0) -> 0 | Q35: =3*N35+O35 -> 0
A36: I | B36: ='Group Matches'!D20 -> Iraq | C36: ='Group Matches'!E20 -> Norway | D36: =IF(ISNUMBER('Group Matches'!F20),'Group Matches'!F20,0) -> 0 | E36: =IF(ISNUMBER('Group Matches'!G20),'Group Matches'!G20,0) -> 2 | F36: =IF(AND(ISNUMBER('Group Matches'!F20),ISNUMBER('Group Matches'!G20)),1,0) -> 1 | G36: =IF(AND(F36=1,D36>E36),1,0) -> 0 | H36: =IF(AND(F36=1,D36=E36),1,0) -> 0 | I36: =IF(AND(F36=1,D36<E36),1,0) -> 1 | J36: =3*G36+H36 -> 0 | K36: =IF(ISNUMBER('Group Matches'!J20),'Group Matches'!J20,0) -> 0 | L36: =IF(ISNUMBER('Group Matches'!K20),'Group Matches'!K20,0) -> 0 | M36: =IF(AND(ISNUMBER('Group Matches'!J20),ISNUMBER('Group Matches'!K20)),1,0) -> 0 | N36: =IF(AND(M36=1,K36>L36),1,0) -> 0 | O36: =IF(AND(M36=1,K36=L36),1,0) -> 0 | P36: =IF(AND(M36=1,K36<L36),1,0) -> 0 | Q36: =3*N36+O36 -> 0
A37: I | B37: ='Group Matches'!E20 -> Norway | C37: ='Group Matches'!D20 -> Iraq | D37: =IF(ISNUMBER('Group Matches'!G20),'Group Matches'!G20,0) -> 2 | E37: =IF(ISNUMBER('Group Matches'!F20),'Group Matches'!F20,0) -> 0 | F37: =IF(AND(ISNUMBER('Group Matches'!G20),ISNUMBER('Group Matches'!F20)),1,0) -> 1 | G37: =IF(AND(F37=1,D37>E37),1,0) -> 1 | H37: =IF(AND(F37=1,D37=E37),1,0) -> 0 | I37: =IF(AND(F37=1,D37<E37),1,0) -> 0 | J37: =3*G37+H37 -> 3 | K37: =IF(ISNUMBER('Group Matches'!K20),'Group Matches'!K20,0) -> 0 | L37: =IF(ISNUMBER('Group Matches'!J20),'Group Matches'!J20,0) -> 0 | M37: =IF(AND(ISNUMBER('Group Matches'!K20),ISNUMBER('Group Matches'!J20)),1,0) -> 0 | N37: =IF(AND(M37=1,K37>L37),1,0) -> 0 | O37: =IF(AND(M37=1,K37=L37),1,0) -> 0 | P37: =IF(AND(M37=1,K37<L37),1,0) -> 0 | Q37: =3*N37+O37 -> 0
A38: J | B38: ='Group Matches'!D21 -> Argentina | C38: ='Group Matches'!E21 -> Algeria | D38: =IF(ISNUMBER('Group Matches'!F21),'Group Matches'!F21,0) -> 2 | E38: =IF(ISNUMBER('Group Matches'!G21),'Group Matches'!G21,0) -> 0 | F38: =IF(AND(ISNUMBER('Group Matches'!F21),ISNUMBER('Group Matches'!G21)),1,0) -> 1 | G38: =IF(AND(F38=1,D38>E38),1,0) -> 1 | H38: =IF(AND(F38=1,D38=E38),1,0) -> 0 | I38: =IF(AND(F38=1,D38<E38),1,0) -> 0 | J38: =3*G38+H38 -> 3 | K38: =IF(ISNUMBER('Group Matches'!J21),'Group Matches'!J21,0) -> 0 | L38: =IF(ISNUMBER('Group Matches'!K21),'Group Matches'!K21,0) -> 0 | M38: =IF(AND(ISNUMBER('Group Matches'!J21),ISNUMBER('Group Matches'!K21)),1,0) -> 0 | N38: =IF(AND(M38=1,K38>L38),1,0) -> 0 | O38: =IF(AND(M38=1,K38=L38),1,0) -> 0 | P38: =IF(AND(M38=1,K38<L38),1,0) -> 0 | Q38: =3*N38+O38 -> 0
A39: J | B39: ='Group Matches'!E21 -> Algeria | C39: ='Group Matches'!D21 -> Argentina | D39: =IF(ISNUMBER('Group Matches'!G21),'Group Matches'!G21,0) -> 0 | E39: =IF(ISNUMBER('Group Matches'!F21),'Group Matches'!F21,0) -> 2 | F39: =IF(AND(ISNUMBER('Group Matches'!G21),ISNUMBER('Group Matches'!F21)),1,0) -> 1 | G39: =IF(AND(F39=1,D39>E39),1,0) -> 0 | H39: =IF(AND(F39=1,D39=E39),1,0) -> 0 | I39: =IF(AND(F39=1,D39<E39),1,0) -> 1 | J39: =3*G39+H39 -> 0 | K39: =IF(ISNUMBER('Group Matches'!K21),'Group Matches'!K21,0) -> 0 | L39: =IF(ISNUMBER('Group Matches'!J21),'Group Matches'!J21,0) -> 0 | M39: =IF(AND(ISNUMBER('Group Matches'!K21),ISNUMBER('Group Matches'!J21)),1,0) -> 0 | N39: =IF(AND(M39=1,K39>L39),1,0) -> 0 | O39: =IF(AND(M39=1,K39=L39),1,0) -> 0 | P39: =IF(AND(M39=1,K39<L39),1,0) -> 0 | Q39: =3*N39+O39 -> 0
A40: J | B40: ='Group Matches'!D22 -> Austria | C40: ='Group Matches'!E22 -> Jordan | D40: =IF(ISNUMBER('Group Matches'!F22),'Group Matches'!F22,0) -> 1 | E40: =IF(ISNUMBER('Group Matches'!G22),'Group Matches'!G22,0) -> 0 | F40: =IF(AND(ISNUMBER('Group Matches'!F22),ISNUMBER('Group Matches'!G22)),1,0) -> 1 | G40: =IF(AND(F40=1,D40>E40),1,0) -> 1 | H40: =IF(AND(F40=1,D40=E40),1,0) -> 0 | I40: =IF(AND(F40=1,D40<E40),1,0) -> 0 | J40: =3*G40+H40 -> 3 | K40: =IF(ISNUMBER('Group Matches'!J22),'Group Matches'!J22,0) -> 0 | L40: =IF(ISNUMBER('Group Matches'!K22),'Group Matches'!K22,0) -> 0 | M40: =IF(AND(ISNUMBER('Group Matches'!J22),ISNUMBER('Group Matches'!K22)),1,0) -> 0 | N40: =IF(AND(M40=1,K40>L40),1,0) -> 0 | O40: =IF(AND(M40=1,K40=L40),1,0) -> 0 | P40: =IF(AND(M40=1,K40<L40),1,0) -> 0 | Q40: =3*N40+O40 -> 0
A41: J | B41: ='Group Matches'!E22 -> Jordan | C41: ='Group Matches'!D22 -> Austria | D41: =IF(ISNUMBER('Group Matches'!G22),'Group Matches'!G22,0) -> 0 | E41: =IF(ISNUMBER('Group Matches'!F22),'Group Matches'!F22,0) -> 1 | F41: =IF(AND(ISNUMBER('Group Matches'!G22),ISNUMBER('Group Matches'!F22)),1,0) -> 1 | G41: =IF(AND(F41=1,D41>E41),1,0) -> 0 | H41: =IF(AND(F41=1,D41=E41),1,0) -> 0 | I41: =IF(AND(F41=1,D41<E41),1,0) -> 1 | J41: =3*G41+H41 -> 0 | K41: =IF(ISNUMBER('Group Matches'!K22),'Group Matches'!K22,0) -> 0 | L41: =IF(ISNUMBER('Group Matches'!J22),'Group Matches'!J22,0) -> 0 | M41: =IF(AND(ISNUMBER('Group Matches'!K22),ISNUMBER('Group Matches'!J22)),1,0) -> 0 | N41: =IF(AND(M41=1,K41>L41),1,0) -> 0 | O41: =IF(AND(M41=1,K41=L41),1,0) -> 0 | P41: =IF(AND(M41=1,K41<L41),1,0) -> 0 | Q41: =3*N41+O41 -> 0
A42: K | B42: ='Group Matches'!D23 -> Portugal | C42: ='Group Matches'!E23 -> DR Congo | D42: =IF(ISNUMBER('Group Matches'!F23),'Group Matches'!F23,0) -> 3 | E42: =IF(ISNUMBER('Group Matches'!G23),'Group Matches'!G23,0) -> 0 | F42: =IF(AND(ISNUMBER('Group Matches'!F23),ISNUMBER('Group Matches'!G23)),1,0) -> 1 | G42: =IF(AND(F42=1,D42>E42),1,0) -> 1 | H42: =IF(AND(F42=1,D42=E42),1,0) -> 0 | I42: =IF(AND(F42=1,D42<E42),1,0) -> 0 | J42: =3*G42+H42 -> 3 | K42: =IF(ISNUMBER('Group Matches'!J23),'Group Matches'!J23,0) -> 0 | L42: =IF(ISNUMBER('Group Matches'!K23),'Group Matches'!K23,0) -> 0 | M42: =IF(AND(ISNUMBER('Group Matches'!J23),ISNUMBER('Group Matches'!K23)),1,0) -> 0 | N42: =IF(AND(M42=1,K42>L42),1,0) -> 0 | O42: =IF(AND(M42=1,K42=L42),1,0) -> 0 | P42: =IF(AND(M42=1,K42<L42),1,0) -> 0 | Q42: =3*N42+O42 -> 0
A43: K | B43: ='Group Matches'!E23 -> DR Congo | C43: ='Group Matches'!D23 -> Portugal | D43: =IF(ISNUMBER('Group Matches'!G23),'Group Matches'!G23,0) -> 0 | E43: =IF(ISNUMBER('Group Matches'!F23),'Group Matches'!F23,0) -> 3 | F43: =IF(AND(ISNUMBER('Group Matches'!G23),ISNUMBER('Group Matches'!F23)),1,0) -> 1 | G43: =IF(AND(F43=1,D43>E43),1,0) -> 0 | H43: =IF(AND(F43=1,D43=E43),1,0) -> 0 | I43: =IF(AND(F43=1,D43<E43),1,0) -> 1 | J43: =3*G43+H43 -> 0 | K43: =IF(ISNUMBER('Group Matches'!K23),'Group Matches'!K23,0) -> 0 | L43: =IF(ISNUMBER('Group Matches'!J23),'Group Matches'!J23,0) -> 0 | M43: =IF(AND(ISNUMBER('Group Matches'!K23),ISNUMBER('Group Matches'!J23)),1,0) -> 0 | N43: =IF(AND(M43=1,K43>L43),1,0) -> 0 | O43: =IF(AND(M43=1,K43=L43),1,0) -> 0 | P43: =IF(AND(M43=1,K43<L43),1,0) -> 0 | Q43: =3*N43+O43 -> 0
A44: L | B44: ='Group Matches'!D24 -> England | C44: ='Group Matches'!E24 -> Croatia | D44: =IF(ISNUMBER('Group Matches'!F24),'Group Matches'!F24,0) -> 1 | E44: =IF(ISNUMBER('Group Matches'!G24),'Group Matches'!G24,0) -> 1 | F44: =IF(AND(ISNUMBER('Group Matches'!F24),ISNUMBER('Group Matches'!G24)),1,0) -> 1 | G44: =IF(AND(F44=1,D44>E44),1,0) -> 0 | H44: =IF(AND(F44=1,D44=E44),1,0) -> 1 | I44: =IF(AND(F44=1,D44<E44),1,0) -> 0 | J44: =3*G44+H44 -> 1 | K44: =IF(ISNUMBER('Group Matches'!J24),'Group Matches'!J24,0) -> 0 | L44: =IF(ISNUMBER('Group Matches'!K24),'Group Matches'!K24,0) -> 0 | M44: =IF(AND(ISNUMBER('Group Matches'!J24),ISNUMBER('Group Matches'!K24)),1,0) -> 0 | N44: =IF(AND(M44=1,K44>L44),1,0) -> 0 | O44: =IF(AND(M44=1,K44=L44),1,0) -> 0 | P44: =IF(AND(M44=1,K44<L44),1,0) -> 0 | Q44: =3*N44+O44 -> 0
A45: L | B45: ='Group Matches'!E24 -> Croatia | C45: ='Group Matches'!D24 -> England | D45: =IF(ISNUMBER('Group Matches'!G24),'Group Matches'!G24,0) -> 1 | E45: =IF(ISNUMBER('Group Matches'!F24),'Group Matches'!F24,0) -> 1 | F45: =IF(AND(ISNUMBER('Group Matches'!G24),ISNUMBER('Group Matches'!F24)),1,0) -> 1 | G45: =IF(AND(F45=1,D45>E45),1,0) -> 0 | H45: =IF(AND(F45=1,D45=E45),1,0) -> 1 | I45: =IF(AND(F45=1,D45<E45),1,0) -> 0 | J45: =3*G45+H45 -> 1 | K45: =IF(ISNUMBER('Group Matches'!K24),'Group Matches'!K24,0) -> 0 | L45: =IF(ISNUMBER('Group Matches'!J24),'Group Matches'!J24,0) -> 0 | M45: =IF(AND(ISNUMBER('Group Matches'!K24),ISNUMBER('Group Matches'!J24)),1,0) -> 0 | N45: =IF(AND(M45=1,K45>L45),1,0) -> 0 | O45: =IF(AND(M45=1,K45=L45),1,0) -> 0 | P45: =IF(AND(M45=1,K45<L45),1,0) -> 0 | Q45: =3*N45+O45 -> 0
A46: L | B46: ='Group Matches'!D25 -> Ghana | C46: ='Group Matches'!E25 -> Panama | D46: =IF(ISNUMBER('Group Matches'!F25),'Group Matches'!F25,0) -> 2 | E46: =IF(ISNUMBER('Group Matches'!G25),'Group Matches'!G25,0) -> 0 | F46: =IF(AND(ISNUMBER('Group Matches'!F25),ISNUMBER('Group Matches'!G25)),1,0) -> 1 | G46: =IF(AND(F46=1,D46>E46),1,0) -> 1 | H46: =IF(AND(F46=1,D46=E46),1,0) -> 0 | I46: =IF(AND(F46=1,D46<E46),1,0) -> 0 | J46: =3*G46+H46 -> 3 | K46: =IF(ISNUMBER('Group Matches'!J25),'Group Matches'!J25,0) -> 0 | L46: =IF(ISNUMBER('Group Matches'!K25),'Group Matches'!K25,0) -> 0 | M46: =IF(AND(ISNUMBER('Group Matches'!J25),ISNUMBER('Group Matches'!K25)),1,0) -> 0 | N46: =IF(AND(M46=1,K46>L46),1,0) -> 0 | O46: =IF(AND(M46=1,K46=L46),1,0) -> 0 | P46: =IF(AND(M46=1,K46<L46),1,0) -> 0 | Q46: =3*N46+O46 -> 0
A47: L | B47: ='Group Matches'!E25 -> Panama | C47: ='Group Matches'!D25 -> Ghana | D47: =IF(ISNUMBER('Group Matches'!G25),'Group Matches'!G25,0) -> 0 | E47: =IF(ISNUMBER('Group Matches'!F25),'Group Matches'!F25,0) -> 2 | F47: =IF(AND(ISNUMBER('Group Matches'!G25),ISNUMBER('Group Matches'!F25)),1,0) -> 1 | G47: =IF(AND(F47=1,D47>E47),1,0) -> 0 | H47: =IF(AND(F47=1,D47=E47),1,0) -> 0 | I47: =IF(AND(F47=1,D47<E47),1,0) -> 1 | J47: =3*G47+H47 -> 0 | K47: =IF(ISNUMBER('Group Matches'!K25),'Group Matches'!K25,0) -> 0 | L47: =IF(ISNUMBER('Group Matches'!J25),'Group Matches'!J25,0) -> 0 | M47: =IF(AND(ISNUMBER('Group Matches'!K25),ISNUMBER('Group Matches'!J25)),1,0) -> 0 | N47: =IF(AND(M47=1,K47>L47),1,0) -> 0 | O47: =IF(AND(M47=1,K47=L47),1,0) -> 0 | P47: =IF(AND(M47=1,K47<L47),1,0) -> 0 | Q47: =3*N47+O47 -> 0
A48: K | B48: ='Group Matches'!D26 -> Uzbekistan | C48: ='Group Matches'!E26 -> Colombia | D48: =IF(ISNUMBER('Group Matches'!F26),'Group Matches'!F26,0) -> 0 | E48: =IF(ISNUMBER('Group Matches'!G26),'Group Matches'!G26,0) -> 3 | F48: =IF(AND(ISNUMBER('Group Matches'!F26),ISNUMBER('Group Matches'!G26)),1,0) -> 1 | G48: =IF(AND(F48=1,D48>E48),1,0) -> 0 | H48: =IF(AND(F48=1,D48=E48),1,0) -> 0 | I48: =IF(AND(F48=1,D48<E48),1,0) -> 1 | J48: =3*G48+H48 -> 0 | K48: =IF(ISNUMBER('Group Matches'!J26),'Group Matches'!J26,0) -> 0 | L48: =IF(ISNUMBER('Group Matches'!K26),'Group Matches'!K26,0) -> 0 | M48: =IF(AND(ISNUMBER('Group Matches'!J26),ISNUMBER('Group Matches'!K26)),1,0) -> 0 | N48: =IF(AND(M48=1,K48>L48),1,0) -> 0 | O48: =IF(AND(M48=1,K48=L48),1,0) -> 0 | P48: =IF(AND(M48=1,K48<L48),1,0) -> 0 | Q48: =3*N48+O48 -> 0
A49: K | B49: ='Group Matches'!E26 -> Colombia | C49: ='Group Matches'!D26 -> Uzbekistan | D49: =IF(ISNUMBER('Group Matches'!G26),'Group Matches'!G26,0) -> 3 | E49: =IF(ISNUMBER('Group Matches'!F26),'Group Matches'!F26,0) -> 0 | F49: =IF(AND(ISNUMBER('Group Matches'!G26),ISNUMBER('Group Matches'!F26)),1,0) -> 1 | G49: =IF(AND(F49=1,D49>E49),1,0) -> 1 | H49: =IF(AND(F49=1,D49=E49),1,0) -> 0 | I49: =IF(AND(F49=1,D49<E49),1,0) -> 0 | J49: =3*G49+H49 -> 3 | K49: =IF(ISNUMBER('Group Matches'!K26),'Group Matches'!K26,0) -> 0 | L49: =IF(ISNUMBER('Group Matches'!J26),'Group Matches'!J26,0) -> 0 | M49: =IF(AND(ISNUMBER('Group Matches'!K26),ISNUMBER('Group Matches'!J26)),1,0) -> 0 | N49: =IF(AND(M49=1,K49>L49),1,0) -> 0 | O49: =IF(AND(M49=1,K49=L49),1,0) -> 0 | P49: =IF(AND(M49=1,K49<L49),1,0) -> 0 | Q49: =3*N49+O49 -> 0
A50: A | B50: ='Group Matches'!D27 -> Czechia | C50: ='Group Matches'!E27 -> South Africa | D50: =IF(ISNUMBER('Group Matches'!F27),'Group Matches'!F27,0) -> 2 | E50: =IF(ISNUMBER('Group Matches'!G27),'Group Matches'!G27,0) -> 0 | F50: =IF(AND(ISNUMBER('Group Matches'!F27),ISNUMBER('Group Matches'!G27)),1,0) -> 1 | G50: =IF(AND(F50=1,D50>E50),1,0) -> 1 | H50: =IF(AND(F50=1,D50=E50),1,0) -> 0 | I50: =IF(AND(F50=1,D50<E50),1,0) -> 0 | J50: =3*G50+H50 -> 3 | K50: =IF(ISNUMBER('Group Matches'!J27),'Group Matches'!J27,0) -> 0 | L50: =IF(ISNUMBER('Group Matches'!K27),'Group Matches'!K27,0) -> 0 | M50: =IF(AND(ISNUMBER('Group Matches'!J27),ISNUMBER('Group Matches'!K27)),1,0) -> 0 | N50: =IF(AND(M50=1,K50>L50),1,0) -> 0 | O50: =IF(AND(M50=1,K50=L50),1,0) -> 0 | P50: =IF(AND(M50=1,K50<L50),1,0) -> 0 | Q50: =3*N50+O50 -> 0
A51: A | B51: ='Group Matches'!E27 -> South Africa | C51: ='Group Matches'!D27 -> Czechia | D51: =IF(ISNUMBER('Group Matches'!G27),'Group Matches'!G27,0) -> 0 | E51: =IF(ISNUMBER('Group Matches'!F27),'Group Matches'!F27,0) -> 2 | F51: =IF(AND(ISNUMBER('Group Matches'!G27),ISNUMBER('Group Matches'!F27)),1,0) -> 1 | G51: =IF(AND(F51=1,D51>E51),1,0) -> 0 | H51: =IF(AND(F51=1,D51=E51),1,0) -> 0 | I51: =IF(AND(F51=1,D51<E51),1,0) -> 1 | J51: =3*G51+H51 -> 0 | K51: =IF(ISNUMBER('Group Matches'!K27),'Group Matches'!K27,0) -> 0 | L51: =IF(ISNUMBER('Group Matches'!J27),'Group Matches'!J27,0) -> 0 | M51: =IF(AND(ISNUMBER('Group Matches'!K27),ISNUMBER('Group Matches'!J27)),1,0) -> 0 | N51: =IF(AND(M51=1,K51>L51),1,0) -> 0 | O51: =IF(AND(M51=1,K51=L51),1,0) -> 0 | P51: =IF(AND(M51=1,K51<L51),1,0) -> 0 | Q51: =3*N51+O51 -> 0
A52: B | B52: ='Group Matches'!D28 -> Switzerland | C52: ='Group Matches'!E28 -> Bosnia & Herzegovina | D52: =IF(ISNUMBER('Group Matches'!F28),'Group Matches'!F28,0) -> 1 | E52: =IF(ISNUMBER('Group Matches'!G28),'Group Matches'!G28,0) -> 1 | F52: =IF(AND(ISNUMBER('Group Matches'!F28),ISNUMBER('Group Matches'!G28)),1,0) -> 1 | G52: =IF(AND(F52=1,D52>E52),1,0) -> 0 | H52: =IF(AND(F52=1,D52=E52),1,0) -> 1 | I52: =IF(AND(F52=1,D52<E52),1,0) -> 0 | J52: =3*G52+H52 -> 1 | K52: =IF(ISNUMBER('Group Matches'!J28),'Group Matches'!J28,0) -> 0 | L52: =IF(ISNUMBER('Group Matches'!K28),'Group Matches'!K28,0) -> 0 | M52: =IF(AND(ISNUMBER('Group Matches'!J28),ISNUMBER('Group Matches'!K28)),1,0) -> 0 | N52: =IF(AND(M52=1,K52>L52),1,0) -> 0 | O52: =IF(AND(M52=1,K52=L52),1,0) -> 0 | P52: =IF(AND(M52=1,K52<L52),1,0) -> 0 | Q52: =3*N52+O52 -> 0
A53: B | B53: ='Group Matches'!E28 -> Bosnia & Herzegovina | C53: ='Group Matches'!D28 -> Switzerland | D53: =IF(ISNUMBER('Group Matches'!G28),'Group Matches'!G28,0) -> 1 | E53: =IF(ISNUMBER('Group Matches'!F28),'Group Matches'!F28,0) -> 1 | F53: =IF(AND(ISNUMBER('Group Matches'!G28),ISNUMBER('Group Matches'!F28)),1,0) -> 1 | G53: =IF(AND(F53=1,D53>E53),1,0) -> 0 | H53: =IF(AND(F53=1,D53=E53),1,0) -> 1 | I53: =IF(AND(F53=1,D53<E53),1,0) -> 0 | J53: =3*G53+H53 -> 1 | K53: =IF(ISNUMBER('Group Matches'!K28),'Group Matches'!K28,0) -> 0 | L53: =IF(ISNUMBER('Group Matches'!J28),'Group Matches'!J28,0) -> 0 | M53: =IF(AND(ISNUMBER('Group Matches'!K28),ISNUMBER('Group Matches'!J28)),1,0) -> 0 | N53: =IF(AND(M53=1,K53>L53),1,0) -> 0 | O53: =IF(AND(M53=1,K53=L53),1,0) -> 0 | P53: =IF(AND(M53=1,K53<L53),1,0) -> 0 | Q53: =3*N53+O53 -> 0
A54: B | B54: ='Group Matches'!D29 -> Canada | C54: ='Group Matches'!E29 -> Qatar | D54: =IF(ISNUMBER('Group Matches'!F29),'Group Matches'!F29,0) -> 2 | E54: =IF(ISNUMBER('Group Matches'!G29),'Group Matches'!G29,0) -> 0 | F54: =IF(AND(ISNUMBER('Group Matches'!F29),ISNUMBER('Group Matches'!G29)),1,0) -> 1 | G54: =IF(AND(F54=1,D54>E54),1,0) -> 1 | H54: =IF(AND(F54=1,D54=E54),1,0) -> 0 | I54: =IF(AND(F54=1,D54<E54),1,0) -> 0 | J54: =3*G54+H54 -> 3 | K54: =IF(ISNUMBER('Group Matches'!J29),'Group Matches'!J29,0) -> 0 | L54: =IF(ISNUMBER('Group Matches'!K29),'Group Matches'!K29,0) -> 0 | M54: =IF(AND(ISNUMBER('Group Matches'!J29),ISNUMBER('Group Matches'!K29)),1,0) -> 0 | N54: =IF(AND(M54=1,K54>L54),1,0) -> 0 | O54: =IF(AND(M54=1,K54=L54),1,0) -> 0 | P54: =IF(AND(M54=1,K54<L54),1,0) -> 0 | Q54: =3*N54+O54 -> 0
A55: B | B55: ='Group Matches'!E29 -> Qatar | C55: ='Group Matches'!D29 -> Canada | D55: =IF(ISNUMBER('Group Matches'!G29),'Group Matches'!G29,0) -> 0 | E55: =IF(ISNUMBER('Group Matches'!F29),'Group Matches'!F29,0) -> 2 | F55: =IF(AND(ISNUMBER('Group Matches'!G29),ISNUMBER('Group Matches'!F29)),1,0) -> 1 | G55: =IF(AND(F55=1,D55>E55),1,0) -> 0 | H55: =IF(AND(F55=1,D55=E55),1,0) -> 0 | I55: =IF(AND(F55=1,D55<E55),1,0) -> 1 | J55: =3*G55+H55 -> 0 | K55: =IF(ISNUMBER('Group Matches'!K29),'Group Matches'!K29,0) -> 0 | L55: =IF(ISNUMBER('Group Matches'!J29),'Group Matches'!J29,0) -> 0 | M55: =IF(AND(ISNUMBER('Group Matches'!K29),ISNUMBER('Group Matches'!J29)),1,0) -> 0 | N55: =IF(AND(M55=1,K55>L55),1,0) -> 0 | O55: =IF(AND(M55=1,K55=L55),1,0) -> 0 | P55: =IF(AND(M55=1,K55<L55),1,0) -> 0 | Q55: =3*N55+O55 -> 0
A56: A | B56: ='Group Matches'!D30 -> Mexico | C56: ='Group Matches'!E30 -> South Korea | D56: =IF(ISNUMBER('Group Matches'!F30),'Group Matches'!F30,0) -> 0 | E56: =IF(ISNUMBER('Group Matches'!G30),'Group Matches'!G30,0) -> 1 | F56: =IF(AND(ISNUMBER('Group Matches'!F30),ISNUMBER('Group Matches'!G30)),1,0) -> 1 | G56: =IF(AND(F56=1,D56>E56),1,0) -> 0 | H56: =IF(AND(F56=1,D56=E56),1,0) -> 0 | I56: =IF(AND(F56=1,D56<E56),1,0) -> 1 | J56: =3*G56+H56 -> 0 | K56: =IF(ISNUMBER('Group Matches'!J30),'Group Matches'!J30,0) -> 0 | L56: =IF(ISNUMBER('Group Matches'!K30),'Group Matches'!K30,0) -> 0 | M56: =IF(AND(ISNUMBER('Group Matches'!J30),ISNUMBER('Group Matches'!K30)),1,0) -> 0 | N56: =IF(AND(M56=1,K56>L56),1,0) -> 0 | O56: =IF(AND(M56=1,K56=L56),1,0) -> 0 | P56: =IF(AND(M56=1,K56<L56),1,0) -> 0 | Q56: =3*N56+O56 -> 0
A57: A | B57: ='Group Matches'!E30 -> South Korea | C57: ='Group Matches'!D30 -> Mexico | D57: =IF(ISNUMBER('Group Matches'!G30),'Group Matches'!G30,0) -> 1 | E57: =IF(ISNUMBER('Group Matches'!F30),'Group Matches'!F30,0) -> 0 | F57: =IF(AND(ISNUMBER('Group Matches'!G30),ISNUMBER('Group Matches'!F30)),1,0) -> 1 | G57: =IF(AND(F57=1,D57>E57),1,0) -> 1 | H57: =IF(AND(F57=1,D57=E57),1,0) -> 0 | I57: =IF(AND(F57=1,D57<E57),1,0) -> 0 | J57: =3*G57+H57 -> 3 | K57: =IF(ISNUMBER('Group Matches'!K30),'Group Matches'!K30,0) -> 0 | L57: =IF(ISNUMBER('Group Matches'!J30),'Group Matches'!J30,0) -> 0 | M57: =IF(AND(ISNUMBER('Group Matches'!K30),ISNUMBER('Group Matches'!J30)),1,0) -> 0 | N57: =IF(AND(M57=1,K57>L57),1,0) -> 0 | O57: =IF(AND(M57=1,K57=L57),1,0) -> 0 | P57: =IF(AND(M57=1,K57<L57),1,0) -> 0 | Q57: =3*N57+O57 -> 0
A58: D | B58: ='Group Matches'!D31 -> United States | C58: ='Group Matches'!E31 -> Australia | D58: =IF(ISNUMBER('Group Matches'!F31),'Group Matches'!F31,0) -> 2 | E58: =IF(ISNUMBER('Group Matches'!G31),'Group Matches'!G31,0) -> 0 | F58: =IF(AND(ISNUMBER('Group Matches'!F31),ISNUMBER('Group Matches'!G31)),1,0) -> 1 | G58: =IF(AND(F58=1,D58>E58),1,0) -> 1 | H58: =IF(AND(F58=1,D58=E58),1,0) -> 0 | I58: =IF(AND(F58=1,D58<E58),1,0) -> 0 | J58: =3*G58+H58 -> 3 | K58: =IF(ISNUMBER('Group Matches'!J31),'Group Matches'!J31,0) -> 0 | L58: =IF(ISNUMBER('Group Matches'!K31),'Group Matches'!K31,0) -> 0 | M58: =IF(AND(ISNUMBER('Group Matches'!J31),ISNUMBER('Group Matches'!K31)),1,0) -> 0 | N58: =IF(AND(M58=1,K58>L58),1,0) -> 0 | O58: =IF(AND(M58=1,K58=L58),1,0) -> 0 | P58: =IF(AND(M58=1,K58<L58),1,0) -> 0 | Q58: =3*N58+O58 -> 0
A59: D | B59: ='Group Matches'!E31 -> Australia | C59: ='Group Matches'!D31 -> United States | D59: =IF(ISNUMBER('Group Matches'!G31),'Group Matches'!G31,0) -> 0 | E59: =IF(ISNUMBER('Group Matches'!F31),'Group Matches'!F31,0) -> 2 | F59: =IF(AND(ISNUMBER('Group Matches'!G31),ISNUMBER('Group Matches'!F31)),1,0) -> 1 | G59: =IF(AND(F59=1,D59>E59),1,0) -> 0 | H59: =IF(AND(F59=1,D59=E59),1,0) -> 0 | I59: =IF(AND(F59=1,D59<E59),1,0) -> 1 | J59: =3*G59+H59 -> 0 | K59: =IF(ISNUMBER('Group Matches'!K31),'Group Matches'!K31,0) -> 0 | L59: =IF(ISNUMBER('Group Matches'!J31),'Group Matches'!J31,0) -> 0 | M59: =IF(AND(ISNUMBER('Group Matches'!K31),ISNUMBER('Group Matches'!J31)),1,0) -> 0 | N59: =IF(AND(M59=1,K59>L59),1,0) -> 0 | O59: =IF(AND(M59=1,K59=L59),1,0) -> 0 | P59: =IF(AND(M59=1,K59<L59),1,0) -> 0 | Q59: =3*N59+O59 -> 0
A60: C | B60: ='Group Matches'!D32 -> Scotland | C60: ='Group Matches'!E32 -> Morocco | D60: =IF(ISNUMBER('Group Matches'!F32),'Group Matches'!F32,0) -> 1 | E60: =IF(ISNUMBER('Group Matches'!G32),'Group Matches'!G32,0) -> 2 | F60: =IF(AND(ISNUMBER('Group Matches'!F32),ISNUMBER('Group Matches'!G32)),1,0) -> 1 | G60: =IF(AND(F60=1,D60>E60),1,0) -> 0 | H60: =IF(AND(F60=1,D60=E60),1,0) -> 0 | I60: =IF(AND(F60=1,D60<E60),1,0) -> 1 | J60: =3*G60+H60 -> 0 | K60: =IF(ISNUMBER('Group Matches'!J32),'Group Matches'!J32,0) -> 0 | L60: =IF(ISNUMBER('Group Matches'!K32),'Group Matches'!K32,0) -> 0 | M60: =IF(AND(ISNUMBER('Group Matches'!J32),ISNUMBER('Group Matches'!K32)),1,0) -> 0 | N60: =IF(AND(M60=1,K60>L60),1,0) -> 0 | O60: =IF(AND(M60=1,K60=L60),1,0) -> 0 | P60: =IF(AND(M60=1,K60<L60),1,0) -> 0 | Q60: =3*N60+O60 -> 0
A61: C | B61: ='Group Matches'!E32 -> Morocco | C61: ='Group Matches'!D32 -> Scotland | D61: =IF(ISNUMBER('Group Matches'!G32),'Group Matches'!G32,0) -> 2 | E61: =IF(ISNUMBER('Group Matches'!F32),'Group Matches'!F32,0) -> 1 | F61: =IF(AND(ISNUMBER('Group Matches'!G32),ISNUMBER('Group Matches'!F32)),1,0) -> 1 | G61: =IF(AND(F61=1,D61>E61),1,0) -> 1 | H61: =IF(AND(F61=1,D61=E61),1,0) -> 0 | I61: =IF(AND(F61=1,D61<E61),1,0) -> 0 | J61: =3*G61+H61 -> 3 | K61: =IF(ISNUMBER('Group Matches'!K32),'Group Matches'!K32,0) -> 0 | L61: =IF(ISNUMBER('Group Matches'!J32),'Group Matches'!J32,0) -> 0 | M61: =IF(AND(ISNUMBER('Group Matches'!K32),ISNUMBER('Group Matches'!J32)),1,0) -> 0 | N61: =IF(AND(M61=1,K61>L61),1,0) -> 0 | O61: =IF(AND(M61=1,K61=L61),1,0) -> 0 | P61: =IF(AND(M61=1,K61<L61),1,0) -> 0 | Q61: =3*N61+O61 -> 0
A62: C | B62: ='Group Matches'!D33 -> Brazil | C62: ='Group Matches'!E33 -> Haiti | D62: =IF(ISNUMBER('Group Matches'!F33),'Group Matches'!F33,0) -> 3 | E62: =IF(ISNUMBER('Group Matches'!G33),'Group Matches'!G33,0) -> 0 | F62: =IF(AND(ISNUMBER('Group Matches'!F33),ISNUMBER('Group Matches'!G33)),1,0) -> 1 | G62: =IF(AND(F62=1,D62>E62),1,0) -> 1 | H62: =IF(AND(F62=1,D62=E62),1,0) -> 0 | I62: =IF(AND(F62=1,D62<E62),1,0) -> 0 | J62: =3*G62+H62 -> 3 | K62: =IF(ISNUMBER('Group Matches'!J33),'Group Matches'!J33,0) -> 0 | L62: =IF(ISNUMBER('Group Matches'!K33),'Group Matches'!K33,0) -> 0 | M62: =IF(AND(ISNUMBER('Group Matches'!J33),ISNUMBER('Group Matches'!K33)),1,0) -> 0 | N62: =IF(AND(M62=1,K62>L62),1,0) -> 0 | O62: =IF(AND(M62=1,K62=L62),1,0) -> 0 | P62: =IF(AND(M62=1,K62<L62),1,0) -> 0 | Q62: =3*N62+O62 -> 0
A63: C | B63: ='Group Matches'!E33 -> Haiti | C63: ='Group Matches'!D33 -> Brazil | D63: =IF(ISNUMBER('Group Matches'!G33),'Group Matches'!G33,0) -> 0 | E63: =IF(ISNUMBER('Group Matches'!F33),'Group Matches'!F33,0) -> 3 | F63: =IF(AND(ISNUMBER('Group Matches'!G33),ISNUMBER('Group Matches'!F33)),1,0) -> 1 | G63: =IF(AND(F63=1,D63>E63),1,0) -> 0 | H63: =IF(AND(F63=1,D63=E63),1,0) -> 0 | I63: =IF(AND(F63=1,D63<E63),1,0) -> 1 | J63: =3*G63+H63 -> 0 | K63: =IF(ISNUMBER('Group Matches'!K33),'Group Matches'!K33,0) -> 0 | L63: =IF(ISNUMBER('Group Matches'!J33),'Group Matches'!J33,0) -> 0 | M63: =IF(AND(ISNUMBER('Group Matches'!K33),ISNUMBER('Group Matches'!J33)),1,0) -> 0 | N63: =IF(AND(M63=1,K63>L63),1,0) -> 0 | O63: =IF(AND(M63=1,K63=L63),1,0) -> 0 | P63: =IF(AND(M63=1,K63<L63),1,0) -> 0 | Q63: =3*N63+O63 -> 0
A64: D | B64: ='Group Matches'!D34 -> Türkiye | C64: ='Group Matches'!E34 -> Paraguay | D64: =IF(ISNUMBER('Group Matches'!F34),'Group Matches'!F34,0) -> 2 | E64: =IF(ISNUMBER('Group Matches'!G34),'Group Matches'!G34,0) -> 0 | F64: =IF(AND(ISNUMBER('Group Matches'!F34),ISNUMBER('Group Matches'!G34)),1,0) -> 1 | G64: =IF(AND(F64=1,D64>E64),1,0) -> 1 | H64: =IF(AND(F64=1,D64=E64),1,0) -> 0 | I64: =IF(AND(F64=1,D64<E64),1,0) -> 0 | J64: =3*G64+H64 -> 3 | K64: =IF(ISNUMBER('Group Matches'!J34),'Group Matches'!J34,0) -> 0 | L64: =IF(ISNUMBER('Group Matches'!K34),'Group Matches'!K34,0) -> 0 | M64: =IF(AND(ISNUMBER('Group Matches'!J34),ISNUMBER('Group Matches'!K34)),1,0) -> 0 | N64: =IF(AND(M64=1,K64>L64),1,0) -> 0 | O64: =IF(AND(M64=1,K64=L64),1,0) -> 0 | P64: =IF(AND(M64=1,K64<L64),1,0) -> 0 | Q64: =3*N64+O64 -> 0
A65: D | B65: ='Group Matches'!E34 -> Paraguay | C65: ='Group Matches'!D34 -> Türkiye | D65: =IF(ISNUMBER('Group Matches'!G34),'Group Matches'!G34,0) -> 0 | E65: =IF(ISNUMBER('Group Matches'!F34),'Group Matches'!F34,0) -> 2 | F65: =IF(AND(ISNUMBER('Group Matches'!G34),ISNUMBER('Group Matches'!F34)),1,0) -> 1 | G65: =IF(AND(F65=1,D65>E65),1,0) -> 0 | H65: =IF(AND(F65=1,D65=E65),1,0) -> 0 | I65: =IF(AND(F65=1,D65<E65),1,0) -> 1 | J65: =3*G65+H65 -> 0 | K65: =IF(ISNUMBER('Group Matches'!K34),'Group Matches'!K34,0) -> 0 | L65: =IF(ISNUMBER('Group Matches'!J34),'Group Matches'!J34,0) -> 0 | M65: =IF(AND(ISNUMBER('Group Matches'!K34),ISNUMBER('Group Matches'!J34)),1,0) -> 0 | N65: =IF(AND(M65=1,K65>L65),1,0) -> 0 | O65: =IF(AND(M65=1,K65=L65),1,0) -> 0 | P65: =IF(AND(M65=1,K65<L65),1,0) -> 0 | Q65: =3*N65+O65 -> 0
A66: F | B66: ='Group Matches'!D35 -> Netherlands | C66: ='Group Matches'!E35 -> Sweden | D66: =IF(ISNUMBER('Group Matches'!F35),'Group Matches'!F35,0) -> 2 | E66: =IF(ISNUMBER('Group Matches'!G35),'Group Matches'!G35,0) -> 1 | F66: =IF(AND(ISNUMBER('Group Matches'!F35),ISNUMBER('Group Matches'!G35)),1,0) -> 1 | G66: =IF(AND(F66=1,D66>E66),1,0) -> 1 | H66: =IF(AND(F66=1,D66=E66),1,0) -> 0 | I66: =IF(AND(F66=1,D66<E66),1,0) -> 0 | J66: =3*G66+H66 -> 3 | K66: =IF(ISNUMBER('Group Matches'!J35),'Group Matches'!J35,0) -> 0 | L66: =IF(ISNUMBER('Group Matches'!K35),'Group Matches'!K35,0) -> 0 | M66: =IF(AND(ISNUMBER('Group Matches'!J35),ISNUMBER('Group Matches'!K35)),1,0) -> 0 | N66: =IF(AND(M66=1,K66>L66),1,0) -> 0 | O66: =IF(AND(M66=1,K66=L66),1,0) -> 0 | P66: =IF(AND(M66=1,K66<L66),1,0) -> 0 | Q66: =3*N66+O66 -> 0
A67: F | B67: ='Group Matches'!E35 -> Sweden | C67: ='Group Matches'!D35 -> Netherlands | D67: =IF(ISNUMBER('Group Matches'!G35),'Group Matches'!G35,0) -> 1 | E67: =IF(ISNUMBER('Group Matches'!F35),'Group Matches'!F35,0) -> 2 | F67: =IF(AND(ISNUMBER('Group Matches'!G35),ISNUMBER('Group Matches'!F35)),1,0) -> 1 | G67: =IF(AND(F67=1,D67>E67),1,0) -> 0 | H67: =IF(AND(F67=1,D67=E67),1,0) -> 0 | I67: =IF(AND(F67=1,D67<E67),1,0) -> 1 | J67: =3*G67+H67 -> 0 | K67: =IF(ISNUMBER('Group Matches'!K35),'Group Matches'!K35,0) -> 0 | L67: =IF(ISNUMBER('Group Matches'!J35),'Group Matches'!J35,0) -> 0 | M67: =IF(AND(ISNUMBER('Group Matches'!K35),ISNUMBER('Group Matches'!J35)),1,0) -> 0 | N67: =IF(AND(M67=1,K67>L67),1,0) -> 0 | O67: =IF(AND(M67=1,K67=L67),1,0) -> 0 | P67: =IF(AND(M67=1,K67<L67),1,0) -> 0 | Q67: =3*N67+O67 -> 0
A68: E | B68: ='Group Matches'!D36 -> Germany | C68: ='Group Matches'!E36 -> Côte d'Ivoire | D68: =IF(ISNUMBER('Group Matches'!F36),'Group Matches'!F36,0) -> 1 | E68: =IF(ISNUMBER('Group Matches'!G36),'Group Matches'!G36,0) -> 0 | F68: =IF(AND(ISNUMBER('Group Matches'!F36),ISNUMBER('Group Matches'!G36)),1,0) -> 1 | G68: =IF(AND(F68=1,D68>E68),1,0) -> 1 | H68: =IF(AND(F68=1,D68=E68),1,0) -> 0 | I68: =IF(AND(F68=1,D68<E68),1,0) -> 0 | J68: =3*G68+H68 -> 3 | K68: =IF(ISNUMBER('Group Matches'!J36),'Group Matches'!J36,0) -> 0 | L68: =IF(ISNUMBER('Group Matches'!K36),'Group Matches'!K36,0) -> 0 | M68: =IF(AND(ISNUMBER('Group Matches'!J36),ISNUMBER('Group Matches'!K36)),1,0) -> 0 | N68: =IF(AND(M68=1,K68>L68),1,0) -> 0 | O68: =IF(AND(M68=1,K68=L68),1,0) -> 0 | P68: =IF(AND(M68=1,K68<L68),1,0) -> 0 | Q68: =3*N68+O68 -> 0
A69: E | B69: ='Group Matches'!E36 -> Côte d'Ivoire | C69: ='Group Matches'!D36 -> Germany | D69: =IF(ISNUMBER('Group Matches'!G36),'Group Matches'!G36,0) -> 0 | E69: =IF(ISNUMBER('Group Matches'!F36),'Group Matches'!F36,0) -> 1 | F69: =IF(AND(ISNUMBER('Group Matches'!G36),ISNUMBER('Group Matches'!F36)),1,0) -> 1 | G69: =IF(AND(F69=1,D69>E69),1,0) -> 0 | H69: =IF(AND(F69=1,D69=E69),1,0) -> 0 | I69: =IF(AND(F69=1,D69<E69),1,0) -> 1 | J69: =3*G69+H69 -> 0 | K69: =IF(ISNUMBER('Group Matches'!K36),'Group Matches'!K36,0) -> 0 | L69: =IF(ISNUMBER('Group Matches'!J36),'Group Matches'!J36,0) -> 0 | M69: =IF(AND(ISNUMBER('Group Matches'!K36),ISNUMBER('Group Matches'!J36)),1,0) -> 0 | N69: =IF(AND(M69=1,K69>L69),1,0) -> 0 | O69: =IF(AND(M69=1,K69=L69),1,0) -> 0 | P69: =IF(AND(M69=1,K69<L69),1,0) -> 0 | Q69: =3*N69+O69 -> 0
A70: E | B70: ='Group Matches'!D37 -> Ecuador | C70: ='Group Matches'!E37 -> Curaçao | D70: =IF(ISNUMBER('Group Matches'!F37),'Group Matches'!F37,0) -> 2 | E70: =IF(ISNUMBER('Group Matches'!G37),'Group Matches'!G37,0) -> 0 | F70: =IF(AND(ISNUMBER('Group Matches'!F37),ISNUMBER('Group Matches'!G37)),1,0) -> 1 | G70: =IF(AND(F70=1,D70>E70),1,0) -> 1 | H70: =IF(AND(F70=1,D70=E70),1,0) -> 0 | I70: =IF(AND(F70=1,D70<E70),1,0) -> 0 | J70: =3*G70+H70 -> 3 | K70: =IF(ISNUMBER('Group Matches'!J37),'Group Matches'!J37,0) -> 0 | L70: =IF(ISNUMBER('Group Matches'!K37),'Group Matches'!K37,0) -> 0 | M70: =IF(AND(ISNUMBER('Group Matches'!J37),ISNUMBER('Group Matches'!K37)),1,0) -> 0 | N70: =IF(AND(M70=1,K70>L70),1,0) -> 0 | O70: =IF(AND(M70=1,K70=L70),1,0) -> 0 | P70: =IF(AND(M70=1,K70<L70),1,0) -> 0 | Q70: =3*N70+O70 -> 0
A71: E | B71: ='Group Matches'!E37 -> Curaçao | C71: ='Group Matches'!D37 -> Ecuador | D71: =IF(ISNUMBER('Group Matches'!G37),'Group Matches'!G37,0) -> 0 | E71: =IF(ISNUMBER('Group Matches'!F37),'Group Matches'!F37,0) -> 2 | F71: =IF(AND(ISNUMBER('Group Matches'!G37),ISNUMBER('Group Matches'!F37)),1,0) -> 1 | G71: =IF(AND(F71=1,D71>E71),1,0) -> 0 | H71: =IF(AND(F71=1,D71=E71),1,0) -> 0 | I71: =IF(AND(F71=1,D71<E71),1,0) -> 1 | J71: =3*G71+H71 -> 0 | K71: =IF(ISNUMBER('Group Matches'!K37),'Group Matches'!K37,0) -> 0 | L71: =IF(ISNUMBER('Group Matches'!J37),'Group Matches'!J37,0) -> 0 | M71: =IF(AND(ISNUMBER('Group Matches'!K37),ISNUMBER('Group Matches'!J37)),1,0) -> 0 | N71: =IF(AND(M71=1,K71>L71),1,0) -> 0 | O71: =IF(AND(M71=1,K71=L71),1,0) -> 0 | P71: =IF(AND(M71=1,K71<L71),1,0) -> 0 | Q71: =3*N71+O71 -> 0
A72: F | B72: ='Group Matches'!D38 -> Tunisia | C72: ='Group Matches'!E38 -> Japan | D72: =IF(ISNUMBER('Group Matches'!F38),'Group Matches'!F38,0) -> 0 | E72: =IF(ISNUMBER('Group Matches'!G38),'Group Matches'!G38,0) -> 2 | F72: =IF(AND(ISNUMBER('Group Matches'!F38),ISNUMBER('Group Matches'!G38)),1,0) -> 1 | G72: =IF(AND(F72=1,D72>E72),1,0) -> 0 | H72: =IF(AND(F72=1,D72=E72),1,0) -> 0 | I72: =IF(AND(F72=1,D72<E72),1,0) -> 1 | J72: =3*G72+H72 -> 0 | K72: =IF(ISNUMBER('Group Matches'!J38),'Group Matches'!J38,0) -> 0 | L72: =IF(ISNUMBER('Group Matches'!K38),'Group Matches'!K38,0) -> 0 | M72: =IF(AND(ISNUMBER('Group Matches'!J38),ISNUMBER('Group Matches'!K38)),1,0) -> 0 | N72: =IF(AND(M72=1,K72>L72),1,0) -> 0 | O72: =IF(AND(M72=1,K72=L72),1,0) -> 0 | P72: =IF(AND(M72=1,K72<L72),1,0) -> 0 | Q72: =3*N72+O72 -> 0
A73: F | B73: ='Group Matches'!E38 -> Japan | C73: ='Group Matches'!D38 -> Tunisia | D73: =IF(ISNUMBER('Group Matches'!G38),'Group Matches'!G38,0) -> 2 | E73: =IF(ISNUMBER('Group Matches'!F38),'Group Matches'!F38,0) -> 0 | F73: =IF(AND(ISNUMBER('Group Matches'!G38),ISNUMBER('Group Matches'!F38)),1,0) -> 1 | G73: =IF(AND(F73=1,D73>E73),1,0) -> 1 | H73: =IF(AND(F73=1,D73=E73),1,0) -> 0 | I73: =IF(AND(F73=1,D73<E73),1,0) -> 0 | J73: =3*G73+H73 -> 3 | K73: =IF(ISNUMBER('Group Matches'!K38),'Group Matches'!K38,0) -> 0 | L73: =IF(ISNUMBER('Group Matches'!J38),'Group Matches'!J38,0) -> 0 | M73: =IF(AND(ISNUMBER('Group Matches'!K38),ISNUMBER('Group Matches'!J38)),1,0) -> 0 | N73: =IF(AND(M73=1,K73>L73),1,0) -> 0 | O73: =IF(AND(M73=1,K73=L73),1,0) -> 0 | P73: =IF(AND(M73=1,K73<L73),1,0) -> 0 | Q73: =3*N73+O73 -> 0
A74: H | B74: ='Group Matches'!D39 -> Spain | C74: ='Group Matches'!E39 -> Saudi Arabia | D74: =IF(ISNUMBER('Group Matches'!F39),'Group Matches'!F39,0) -> 3 | E74: =IF(ISNUMBER('Group Matches'!G39),'Group Matches'!G39,0) -> 0 | F74: =IF(AND(ISNUMBER('Group Matches'!F39),ISNUMBER('Group Matches'!G39)),1,0) -> 1 | G74: =IF(AND(F74=1,D74>E74),1,0) -> 1 | H74: =IF(AND(F74=1,D74=E74),1,0) -> 0 | I74: =IF(AND(F74=1,D74<E74),1,0) -> 0 | J74: =3*G74+H74 -> 3 | K74: =IF(ISNUMBER('Group Matches'!J39),'Group Matches'!J39,0) -> 0 | L74: =IF(ISNUMBER('Group Matches'!K39),'Group Matches'!K39,0) -> 0 | M74: =IF(AND(ISNUMBER('Group Matches'!J39),ISNUMBER('Group Matches'!K39)),1,0) -> 0 | N74: =IF(AND(M74=1,K74>L74),1,0) -> 0 | O74: =IF(AND(M74=1,K74=L74),1,0) -> 0 | P74: =IF(AND(M74=1,K74<L74),1,0) -> 0 | Q74: =3*N74+O74 -> 0
A75: H | B75: ='Group Matches'!E39 -> Saudi Arabia | C75: ='Group Matches'!D39 -> Spain | D75: =IF(ISNUMBER('Group Matches'!G39),'Group Matches'!G39,0) -> 0 | E75: =IF(ISNUMBER('Group Matches'!F39),'Group Matches'!F39,0) -> 3 | F75: =IF(AND(ISNUMBER('Group Matches'!G39),ISNUMBER('Group Matches'!F39)),1,0) -> 1 | G75: =IF(AND(F75=1,D75>E75),1,0) -> 0 | H75: =IF(AND(F75=1,D75=E75),1,0) -> 0 | I75: =IF(AND(F75=1,D75<E75),1,0) -> 1 | J75: =3*G75+H75 -> 0 | K75: =IF(ISNUMBER('Group Matches'!K39),'Group Matches'!K39,0) -> 0 | L75: =IF(ISNUMBER('Group Matches'!J39),'Group Matches'!J39,0) -> 0 | M75: =IF(AND(ISNUMBER('Group Matches'!K39),ISNUMBER('Group Matches'!J39)),1,0) -> 0 | N75: =IF(AND(M75=1,K75>L75),1,0) -> 0 | O75: =IF(AND(M75=1,K75=L75),1,0) -> 0 | P75: =IF(AND(M75=1,K75<L75),1,0) -> 0 | Q75: =3*N75+O75 -> 0
A76: G | B76: ='Group Matches'!D40 -> Belgium | C76: ='Group Matches'!E40 -> Iran | D76: =IF(ISNUMBER('Group Matches'!F40),'Group Matches'!F40,0) -> 2 | E76: =IF(ISNUMBER('Group Matches'!G40),'Group Matches'!G40,0) -> 1 | F76: =IF(AND(ISNUMBER('Group Matches'!F40),ISNUMBER('Group Matches'!G40)),1,0) -> 1 | G76: =IF(AND(F76=1,D76>E76),1,0) -> 1 | H76: =IF(AND(F76=1,D76=E76),1,0) -> 0 | I76: =IF(AND(F76=1,D76<E76),1,0) -> 0 | J76: =3*G76+H76 -> 3 | K76: =IF(ISNUMBER('Group Matches'!J40),'Group Matches'!J40,0) -> 0 | L76: =IF(ISNUMBER('Group Matches'!K40),'Group Matches'!K40,0) -> 0 | M76: =IF(AND(ISNUMBER('Group Matches'!J40),ISNUMBER('Group Matches'!K40)),1,0) -> 0 | N76: =IF(AND(M76=1,K76>L76),1,0) -> 0 | O76: =IF(AND(M76=1,K76=L76),1,0) -> 0 | P76: =IF(AND(M76=1,K76<L76),1,0) -> 0 | Q76: =3*N76+O76 -> 0
A77: G | B77: ='Group Matches'!E40 -> Iran | C77: ='Group Matches'!D40 -> Belgium | D77: =IF(ISNUMBER('Group Matches'!G40),'Group Matches'!G40,0) -> 1 | E77: =IF(ISNUMBER('Group Matches'!F40),'Group Matches'!F40,0) -> 2 | F77: =IF(AND(ISNUMBER('Group Matches'!G40),ISNUMBER('Group Matches'!F40)),1,0) -> 1 | G77: =IF(AND(F77=1,D77>E77),1,0) -> 0 | H77: =IF(AND(F77=1,D77=E77),1,0) -> 0 | I77: =IF(AND(F77=1,D77<E77),1,0) -> 1 | J77: =3*G77+H77 -> 0 | K77: =IF(ISNUMBER('Group Matches'!K40),'Group Matches'!K40,0) -> 0 | L77: =IF(ISNUMBER('Group Matches'!J40),'Group Matches'!J40,0) -> 0 | M77: =IF(AND(ISNUMBER('Group Matches'!K40),ISNUMBER('Group Matches'!J40)),1,0) -> 0 | N77: =IF(AND(M77=1,K77>L77),1,0) -> 0 | O77: =IF(AND(M77=1,K77=L77),1,0) -> 0 | P77: =IF(AND(M77=1,K77<L77),1,0) -> 0 | Q77: =3*N77+O77 -> 0
A78: H | B78: ='Group Matches'!D41 -> Uruguay | C78: ='Group Matches'!E41 -> Cabo Verde | D78: =IF(ISNUMBER('Group Matches'!F41),'Group Matches'!F41,0) -> 3 | E78: =IF(ISNUMBER('Group Matches'!G41),'Group Matches'!G41,0) -> 0 | F78: =IF(AND(ISNUMBER('Group Matches'!F41),ISNUMBER('Group Matches'!G41)),1,0) -> 1 | G78: =IF(AND(F78=1,D78>E78),1,0) -> 1 | H78: =IF(AND(F78=1,D78=E78),1,0) -> 0 | I78: =IF(AND(F78=1,D78<E78),1,0) -> 0 | J78: =3*G78+H78 -> 3 | K78: =IF(ISNUMBER('Group Matches'!J41),'Group Matches'!J41,0) -> 0 | L78: =IF(ISNUMBER('Group Matches'!K41),'Group Matches'!K41,0) -> 0 | M78: =IF(AND(ISNUMBER('Group Matches'!J41),ISNUMBER('Group Matches'!K41)),1,0) -> 0 | N78: =IF(AND(M78=1,K78>L78),1,0) -> 0 | O78: =IF(AND(M78=1,K78=L78),1,0) -> 0 | P78: =IF(AND(M78=1,K78<L78),1,0) -> 0 | Q78: =3*N78+O78 -> 0
A79: H | B79: ='Group Matches'!E41 -> Cabo Verde | C79: ='Group Matches'!D41 -> Uruguay | D79: =IF(ISNUMBER('Group Matches'!G41),'Group Matches'!G41,0) -> 0 | E79: =IF(ISNUMBER('Group Matches'!F41),'Group Matches'!F41,0) -> 3 | F79: =IF(AND(ISNUMBER('Group Matches'!G41),ISNUMBER('Group Matches'!F41)),1,0) -> 1 | G79: =IF(AND(F79=1,D79>E79),1,0) -> 0 | H79: =IF(AND(F79=1,D79=E79),1,0) -> 0 | I79: =IF(AND(F79=1,D79<E79),1,0) -> 1 | J79: =3*G79+H79 -> 0 | K79: =IF(ISNUMBER('Group Matches'!K41),'Group Matches'!K41,0) -> 0 | L79: =IF(ISNUMBER('Group Matches'!J41),'Group Matches'!J41,0) -> 0 | M79: =IF(AND(ISNUMBER('Group Matches'!K41),ISNUMBER('Group Matches'!J41)),1,0) -> 0 | N79: =IF(AND(M79=1,K79>L79),1,0) -> 0 | O79: =IF(AND(M79=1,K79=L79),1,0) -> 0 | P79: =IF(AND(M79=1,K79<L79),1,0) -> 0 | Q79: =3*N79+O79 -> 0
A80: G | B80: ='Group Matches'!D42 -> New Zealand | C80: ='Group Matches'!E42 -> Egypt | D80: =IF(ISNUMBER('Group Matches'!F42),'Group Matches'!F42,0) -> 0 | E80: =IF(ISNUMBER('Group Matches'!G42),'Group Matches'!G42,0) -> 2 | F80: =IF(AND(ISNUMBER('Group Matches'!F42),ISNUMBER('Group Matches'!G42)),1,0) -> 1 | G80: =IF(AND(F80=1,D80>E80),1,0) -> 0 | H80: =IF(AND(F80=1,D80=E80),1,0) -> 0 | I80: =IF(AND(F80=1,D80<E80),1,0) -> 1 | J80: =3*G80+H80 -> 0 | K80: =IF(ISNUMBER('Group Matches'!J42),'Group Matches'!J42,0) -> 0 | L80: =IF(ISNUMBER('Group Matches'!K42),'Group Matches'!K42,0) -> 0 | M80: =IF(AND(ISNUMBER('Group Matches'!J42),ISNUMBER('Group Matches'!K42)),1,0) -> 0 | N80: =IF(AND(M80=1,K80>L80),1,0) -> 0 | O80: =IF(AND(M80=1,K80=L80),1,0) -> 0 | P80: =IF(AND(M80=1,K80<L80),1,0) -> 0 | Q80: =3*N80+O80 -> 0
A81: G | B81: ='Group Matches'!E42 -> Egypt | C81: ='Group Matches'!D42 -> New Zealand | D81: =IF(ISNUMBER('Group Matches'!G42),'Group Matches'!G42,0) -> 2 | E81: =IF(ISNUMBER('Group Matches'!F42),'Group Matches'!F42,0) -> 0 | F81: =IF(AND(ISNUMBER('Group Matches'!G42),ISNUMBER('Group Matches'!F42)),1,0) -> 1 | G81: =IF(AND(F81=1,D81>E81),1,0) -> 1 | H81: =IF(AND(F81=1,D81=E81),1,0) -> 0 | I81: =IF(AND(F81=1,D81<E81),1,0) -> 0 | J81: =3*G81+H81 -> 3 | K81: =IF(ISNUMBER('Group Matches'!K42),'Group Matches'!K42,0) -> 0 | L81: =IF(ISNUMBER('Group Matches'!J42),'Group Matches'!J42,0) -> 0 | M81: =IF(AND(ISNUMBER('Group Matches'!K42),ISNUMBER('Group Matches'!J42)),1,0) -> 0 | N81: =IF(AND(M81=1,K81>L81),1,0) -> 0 | O81: =IF(AND(M81=1,K81=L81),1,0) -> 0 | P81: =IF(AND(M81=1,K81<L81),1,0) -> 0 | Q81: =3*N81+O81 -> 0
A82: J | B82: ='Group Matches'!D43 -> Argentina | C82: ='Group Matches'!E43 -> Austria | D82: =IF(ISNUMBER('Group Matches'!F43),'Group Matches'!F43,0) -> 2 | E82: =IF(ISNUMBER('Group Matches'!G43),'Group Matches'!G43,0) -> 1 | F82: =IF(AND(ISNUMBER('Group Matches'!F43),ISNUMBER('Group Matches'!G43)),1,0) -> 1 | G82: =IF(AND(F82=1,D82>E82),1,0) -> 1 | H82: =IF(AND(F82=1,D82=E82),1,0) -> 0 | I82: =IF(AND(F82=1,D82<E82),1,0) -> 0 | J82: =3*G82+H82 -> 3 | K82: =IF(ISNUMBER('Group Matches'!J43),'Group Matches'!J43,0) -> 0 | L82: =IF(ISNUMBER('Group Matches'!K43),'Group Matches'!K43,0) -> 0 | M82: =IF(AND(ISNUMBER('Group Matches'!J43),ISNUMBER('Group Matches'!K43)),1,0) -> 0 | N82: =IF(AND(M82=1,K82>L82),1,0) -> 0 | O82: =IF(AND(M82=1,K82=L82),1,0) -> 0 | P82: =IF(AND(M82=1,K82<L82),1,0) -> 0 | Q82: =3*N82+O82 -> 0
A83: J | B83: ='Group Matches'!E43 -> Austria | C83: ='Group Matches'!D43 -> Argentina | D83: =IF(ISNUMBER('Group Matches'!G43),'Group Matches'!G43,0) -> 1 | E83: =IF(ISNUMBER('Group Matches'!F43),'Group Matches'!F43,0) -> 2 | F83: =IF(AND(ISNUMBER('Group Matches'!G43),ISNUMBER('Group Matches'!F43)),1,0) -> 1 | G83: =IF(AND(F83=1,D83>E83),1,0) -> 0 | H83: =IF(AND(F83=1,D83=E83),1,0) -> 0 | I83: =IF(AND(F83=1,D83<E83),1,0) -> 1 | J83: =3*G83+H83 -> 0 | K83: =IF(ISNUMBER('Group Matches'!K43),'Group Matches'!K43,0) -> 0 | L83: =IF(ISNUMBER('Group Matches'!J43),'Group Matches'!J43,0) -> 0 | M83: =IF(AND(ISNUMBER('Group Matches'!K43),ISNUMBER('Group Matches'!J43)),1,0) -> 0 | N83: =IF(AND(M83=1,K83>L83),1,0) -> 0 | O83: =IF(AND(M83=1,K83=L83),1,0) -> 0 | P83: =IF(AND(M83=1,K83<L83),1,0) -> 0 | Q83: =3*N83+O83 -> 0
A84: I | B84: ='Group Matches'!D44 -> France | C84: ='Group Matches'!E44 -> Iraq | D84: =IF(ISNUMBER('Group Matches'!F44),'Group Matches'!F44,0) -> 3 | E84: =IF(ISNUMBER('Group Matches'!G44),'Group Matches'!G44,0) -> 0 | F84: =IF(AND(ISNUMBER('Group Matches'!F44),ISNUMBER('Group Matches'!G44)),1,0) -> 1 | G84: =IF(AND(F84=1,D84>E84),1,0) -> 1 | H84: =IF(AND(F84=1,D84=E84),1,0) -> 0 | I84: =IF(AND(F84=1,D84<E84),1,0) -> 0 | J84: =3*G84+H84 -> 3 | K84: =IF(ISNUMBER('Group Matches'!J44),'Group Matches'!J44,0) -> 0 | L84: =IF(ISNUMBER('Group Matches'!K44),'Group Matches'!K44,0) -> 0 | M84: =IF(AND(ISNUMBER('Group Matches'!J44),ISNUMBER('Group Matches'!K44)),1,0) -> 0 | N84: =IF(AND(M84=1,K84>L84),1,0) -> 0 | O84: =IF(AND(M84=1,K84=L84),1,0) -> 0 | P84: =IF(AND(M84=1,K84<L84),1,0) -> 0 | Q84: =3*N84+O84 -> 0
A85: I | B85: ='Group Matches'!E44 -> Iraq | C85: ='Group Matches'!D44 -> France | D85: =IF(ISNUMBER('Group Matches'!G44),'Group Matches'!G44,0) -> 0 | E85: =IF(ISNUMBER('Group Matches'!F44),'Group Matches'!F44,0) -> 3 | F85: =IF(AND(ISNUMBER('Group Matches'!G44),ISNUMBER('Group Matches'!F44)),1,0) -> 1 | G85: =IF(AND(F85=1,D85>E85),1,0) -> 0 | H85: =IF(AND(F85=1,D85=E85),1,0) -> 0 | I85: =IF(AND(F85=1,D85<E85),1,0) -> 1 | J85: =3*G85+H85 -> 0 | K85: =IF(ISNUMBER('Group Matches'!K44),'Group Matches'!K44,0) -> 0 | L85: =IF(ISNUMBER('Group Matches'!J44),'Group Matches'!J44,0) -> 0 | M85: =IF(AND(ISNUMBER('Group Matches'!K44),ISNUMBER('Group Matches'!J44)),1,0) -> 0 | N85: =IF(AND(M85=1,K85>L85),1,0) -> 0 | O85: =IF(AND(M85=1,K85=L85),1,0) -> 0 | P85: =IF(AND(M85=1,K85<L85),1,0) -> 0 | Q85: =3*N85+O85 -> 0
A86: I | B86: ='Group Matches'!D45 -> Norway | C86: ='Group Matches'!E45 -> Senegal | D86: =IF(ISNUMBER('Group Matches'!F45),'Group Matches'!F45,0) -> 2 | E86: =IF(ISNUMBER('Group Matches'!G45),'Group Matches'!G45,0) -> 1 | F86: =IF(AND(ISNUMBER('Group Matches'!F45),ISNUMBER('Group Matches'!G45)),1,0) -> 1 | G86: =IF(AND(F86=1,D86>E86),1,0) -> 1 | H86: =IF(AND(F86=1,D86=E86),1,0) -> 0 | I86: =IF(AND(F86=1,D86<E86),1,0) -> 0 | J86: =3*G86+H86 -> 3 | K86: =IF(ISNUMBER('Group Matches'!J45),'Group Matches'!J45,0) -> 0 | L86: =IF(ISNUMBER('Group Matches'!K45),'Group Matches'!K45,0) -> 0 | M86: =IF(AND(ISNUMBER('Group Matches'!J45),ISNUMBER('Group Matches'!K45)),1,0) -> 0 | N86: =IF(AND(M86=1,K86>L86),1,0) -> 0 | O86: =IF(AND(M86=1,K86=L86),1,0) -> 0 | P86: =IF(AND(M86=1,K86<L86),1,0) -> 0 | Q86: =3*N86+O86 -> 0
A87: I | B87: ='Group Matches'!E45 -> Senegal | C87: ='Group Matches'!D45 -> Norway | D87: =IF(ISNUMBER('Group Matches'!G45),'Group Matches'!G45,0) -> 1 | E87: =IF(ISNUMBER('Group Matches'!F45),'Group Matches'!F45,0) -> 2 | F87: =IF(AND(ISNUMBER('Group Matches'!G45),ISNUMBER('Group Matches'!F45)),1,0) -> 1 | G87: =IF(AND(F87=1,D87>E87),1,0) -> 0 | H87: =IF(AND(F87=1,D87=E87),1,0) -> 0 | I87: =IF(AND(F87=1,D87<E87),1,0) -> 1 | J87: =3*G87+H87 -> 0 | K87: =IF(ISNUMBER('Group Matches'!K45),'Group Matches'!K45,0) -> 0 | L87: =IF(ISNUMBER('Group Matches'!J45),'Group Matches'!J45,0) -> 0 | M87: =IF(AND(ISNUMBER('Group Matches'!K45),ISNUMBER('Group Matches'!J45)),1,0) -> 0 | N87: =IF(AND(M87=1,K87>L87),1,0) -> 0 | O87: =IF(AND(M87=1,K87=L87),1,0) -> 0 | P87: =IF(AND(M87=1,K87<L87),1,0) -> 0 | Q87: =3*N87+O87 -> 0
A88: J | B88: ='Group Matches'!D46 -> Jordan | C88: ='Group Matches'!E46 -> Algeria | D88: =IF(ISNUMBER('Group Matches'!F46),'Group Matches'!F46,0) -> 2 | E88: =IF(ISNUMBER('Group Matches'!G46),'Group Matches'!G46,0) -> 2 | F88: =IF(AND(ISNUMBER('Group Matches'!F46),ISNUMBER('Group Matches'!G46)),1,0) -> 1 | G88: =IF(AND(F88=1,D88>E88),1,0) -> 0 | H88: =IF(AND(F88=1,D88=E88),1,0) -> 1 | I88: =IF(AND(F88=1,D88<E88),1,0) -> 0 | J88: =3*G88+H88 -> 1 | K88: =IF(ISNUMBER('Group Matches'!J46),'Group Matches'!J46,0) -> 0 | L88: =IF(ISNUMBER('Group Matches'!K46),'Group Matches'!K46,0) -> 0 | M88: =IF(AND(ISNUMBER('Group Matches'!J46),ISNUMBER('Group Matches'!K46)),1,0) -> 0 | N88: =IF(AND(M88=1,K88>L88),1,0) -> 0 | O88: =IF(AND(M88=1,K88=L88),1,0) -> 0 | P88: =IF(AND(M88=1,K88<L88),1,0) -> 0 | Q88: =3*N88+O88 -> 0
A89: J | B89: ='Group Matches'!E46 -> Algeria | C89: ='Group Matches'!D46 -> Jordan | D89: =IF(ISNUMBER('Group Matches'!G46),'Group Matches'!G46,0) -> 2 | E89: =IF(ISNUMBER('Group Matches'!F46),'Group Matches'!F46,0) -> 2 | F89: =IF(AND(ISNUMBER('Group Matches'!G46),ISNUMBER('Group Matches'!F46)),1,0) -> 1 | G89: =IF(AND(F89=1,D89>E89),1,0) -> 0 | H89: =IF(AND(F89=1,D89=E89),1,0) -> 1 | I89: =IF(AND(F89=1,D89<E89),1,0) -> 0 | J89: =3*G89+H89 -> 1 | K89: =IF(ISNUMBER('Group Matches'!K46),'Group Matches'!K46,0) -> 0 | L89: =IF(ISNUMBER('Group Matches'!J46),'Group Matches'!J46,0) -> 0 | M89: =IF(AND(ISNUMBER('Group Matches'!K46),ISNUMBER('Group Matches'!J46)),1,0) -> 0 | N89: =IF(AND(M89=1,K89>L89),1,0) -> 0 | O89: =IF(AND(M89=1,K89=L89),1,0) -> 0 | P89: =IF(AND(M89=1,K89<L89),1,0) -> 0 | Q89: =3*N89+O89 -> 0
A90: K | B90: ='Group Matches'!D47 -> Portugal | C90: ='Group Matches'!E47 -> Uzbekistan | D90: =IF(ISNUMBER('Group Matches'!F47),'Group Matches'!F47,0) -> 2 | E90: =IF(ISNUMBER('Group Matches'!G47),'Group Matches'!G47,0) -> 1 | F90: =IF(AND(ISNUMBER('Group Matches'!F47),ISNUMBER('Group Matches'!G47)),1,0) -> 1 | G90: =IF(AND(F90=1,D90>E90),1,0) -> 1 | H90: =IF(AND(F90=1,D90=E90),1,0) -> 0 | I90: =IF(AND(F90=1,D90<E90),1,0) -> 0 | J90: =3*G90+H90 -> 3 | K90: =IF(ISNUMBER('Group Matches'!J47),'Group Matches'!J47,0) -> 0 | L90: =IF(ISNUMBER('Group Matches'!K47),'Group Matches'!K47,0) -> 0 | M90: =IF(AND(ISNUMBER('Group Matches'!J47),ISNUMBER('Group Matches'!K47)),1,0) -> 0 | N90: =IF(AND(M90=1,K90>L90),1,0) -> 0 | O90: =IF(AND(M90=1,K90=L90),1,0) -> 0 | P90: =IF(AND(M90=1,K90<L90),1,0) -> 0 | Q90: =3*N90+O90 -> 0
A91: K | B91: ='Group Matches'!E47 -> Uzbekistan | C91: ='Group Matches'!D47 -> Portugal | D91: =IF(ISNUMBER('Group Matches'!G47),'Group Matches'!G47,0) -> 1 | E91: =IF(ISNUMBER('Group Matches'!F47),'Group Matches'!F47,0) -> 2 | F91: =IF(AND(ISNUMBER('Group Matches'!G47),ISNUMBER('Group Matches'!F47)),1,0) -> 1 | G91: =IF(AND(F91=1,D91>E91),1,0) -> 0 | H91: =IF(AND(F91=1,D91=E91),1,0) -> 0 | I91: =IF(AND(F91=1,D91<E91),1,0) -> 1 | J91: =3*G91+H91 -> 0 | K91: =IF(ISNUMBER('Group Matches'!K47),'Group Matches'!K47,0) -> 0 | L91: =IF(ISNUMBER('Group Matches'!J47),'Group Matches'!J47,0) -> 0 | M91: =IF(AND(ISNUMBER('Group Matches'!K47),ISNUMBER('Group Matches'!J47)),1,0) -> 0 | N91: =IF(AND(M91=1,K91>L91),1,0) -> 0 | O91: =IF(AND(M91=1,K91=L91),1,0) -> 0 | P91: =IF(AND(M91=1,K91<L91),1,0) -> 0 | Q91: =3*N91+O91 -> 0
A92: L | B92: ='Group Matches'!D48 -> England | C92: ='Group Matches'!E48 -> Ghana | D92: =IF(ISNUMBER('Group Matches'!F48),'Group Matches'!F48,0) -> 2 | E92: =IF(ISNUMBER('Group Matches'!G48),'Group Matches'!G48,0) -> 1 | F92: =IF(AND(ISNUMBER('Group Matches'!F48),ISNUMBER('Group Matches'!G48)),1,0) -> 1 | G92: =IF(AND(F92=1,D92>E92),1,0) -> 1 | H92: =IF(AND(F92=1,D92=E92),1,0) -> 0 | I92: =IF(AND(F92=1,D92<E92),1,0) -> 0 | J92: =3*G92+H92 -> 3 | K92: =IF(ISNUMBER('Group Matches'!J48),'Group Matches'!J48,0) -> 0 | L92: =IF(ISNUMBER('Group Matches'!K48),'Group Matches'!K48,0) -> 0 | M92: =IF(AND(ISNUMBER('Group Matches'!J48),ISNUMBER('Group Matches'!K48)),1,0) -> 0 | N92: =IF(AND(M92=1,K92>L92),1,0) -> 0 | O92: =IF(AND(M92=1,K92=L92),1,0) -> 0 | P92: =IF(AND(M92=1,K92<L92),1,0) -> 0 | Q92: =3*N92+O92 -> 0
A93: L | B93: ='Group Matches'!E48 -> Ghana | C93: ='Group Matches'!D48 -> England | D93: =IF(ISNUMBER('Group Matches'!G48),'Group Matches'!G48,0) -> 1 | E93: =IF(ISNUMBER('Group Matches'!F48),'Group Matches'!F48,0) -> 2 | F93: =IF(AND(ISNUMBER('Group Matches'!G48),ISNUMBER('Group Matches'!F48)),1,0) -> 1 | G93: =IF(AND(F93=1,D93>E93),1,0) -> 0 | H93: =IF(AND(F93=1,D93=E93),1,0) -> 0 | I93: =IF(AND(F93=1,D93<E93),1,0) -> 1 | J93: =3*G93+H93 -> 0 | K93: =IF(ISNUMBER('Group Matches'!K48),'Group Matches'!K48,0) -> 0 | L93: =IF(ISNUMBER('Group Matches'!J48),'Group Matches'!J48,0) -> 0 | M93: =IF(AND(ISNUMBER('Group Matches'!K48),ISNUMBER('Group Matches'!J48)),1,0) -> 0 | N93: =IF(AND(M93=1,K93>L93),1,0) -> 0 | O93: =IF(AND(M93=1,K93=L93),1,0) -> 0 | P93: =IF(AND(M93=1,K93<L93),1,0) -> 0 | Q93: =3*N93+O93 -> 0
A94: L | B94: ='Group Matches'!D49 -> Panama | C94: ='Group Matches'!E49 -> Croatia | D94: =IF(ISNUMBER('Group Matches'!F49),'Group Matches'!F49,0) -> 0 | E94: =IF(ISNUMBER('Group Matches'!G49),'Group Matches'!G49,0) -> 2 | F94: =IF(AND(ISNUMBER('Group Matches'!F49),ISNUMBER('Group Matches'!G49)),1,0) -> 1 | G94: =IF(AND(F94=1,D94>E94),1,0) -> 0 | H94: =IF(AND(F94=1,D94=E94),1,0) -> 0 | I94: =IF(AND(F94=1,D94<E94),1,0) -> 1 | J94: =3*G94+H94 -> 0 | K94: =IF(ISNUMBER('Group Matches'!J49),'Group Matches'!J49,0) -> 0 | L94: =IF(ISNUMBER('Group Matches'!K49),'Group Matches'!K49,0) -> 0 | M94: =IF(AND(ISNUMBER('Group Matches'!J49),ISNUMBER('Group Matches'!K49)),1,0) -> 0 | N94: =IF(AND(M94=1,K94>L94),1,0) -> 0 | O94: =IF(AND(M94=1,K94=L94),1,0) -> 0 | P94: =IF(AND(M94=1,K94<L94),1,0) -> 0 | Q94: =3*N94+O94 -> 0
A95: L | B95: ='Group Matches'!E49 -> Croatia | C95: ='Group Matches'!D49 -> Panama | D95: =IF(ISNUMBER('Group Matches'!G49),'Group Matches'!G49,0) -> 2 | E95: =IF(ISNUMBER('Group Matches'!F49),'Group Matches'!F49,0) -> 0 | F95: =IF(AND(ISNUMBER('Group Matches'!G49),ISNUMBER('Group Matches'!F49)),1,0) -> 1 | G95: =IF(AND(F95=1,D95>E95),1,0) -> 1 | H95: =IF(AND(F95=1,D95=E95),1,0) -> 0 | I95: =IF(AND(F95=1,D95<E95),1,0) -> 0 | J95: =3*G95+H95 -> 3 | K95: =IF(ISNUMBER('Group Matches'!K49),'Group Matches'!K49,0) -> 0 | L95: =IF(ISNUMBER('Group Matches'!J49),'Group Matches'!J49,0) -> 0 | M95: =IF(AND(ISNUMBER('Group Matches'!K49),ISNUMBER('Group Matches'!J49)),1,0) -> 0 | N95: =IF(AND(M95=1,K95>L95),1,0) -> 0 | O95: =IF(AND(M95=1,K95=L95),1,0) -> 0 | P95: =IF(AND(M95=1,K95<L95),1,0) -> 0 | Q95: =3*N95+O95 -> 0
A96: K | B96: ='Group Matches'!D50 -> Colombia | C96: ='Group Matches'!E50 -> DR Congo | D96: =IF(ISNUMBER('Group Matches'!F50),'Group Matches'!F50,0) -> 1 | E96: =IF(ISNUMBER('Group Matches'!G50),'Group Matches'!G50,0) -> 0 | F96: =IF(AND(ISNUMBER('Group Matches'!F50),ISNUMBER('Group Matches'!G50)),1,0) -> 1 | G96: =IF(AND(F96=1,D96>E96),1,0) -> 1 | H96: =IF(AND(F96=1,D96=E96),1,0) -> 0 | I96: =IF(AND(F96=1,D96<E96),1,0) -> 0 | J96: =3*G96+H96 -> 3 | K96: =IF(ISNUMBER('Group Matches'!J50),'Group Matches'!J50,0) -> 0 | L96: =IF(ISNUMBER('Group Matches'!K50),'Group Matches'!K50,0) -> 0 | M96: =IF(AND(ISNUMBER('Group Matches'!J50),ISNUMBER('Group Matches'!K50)),1,0) -> 0 | N96: =IF(AND(M96=1,K96>L96),1,0) -> 0 | O96: =IF(AND(M96=1,K96=L96),1,0) -> 0 | P96: =IF(AND(M96=1,K96<L96),1,0) -> 0 | Q96: =3*N96+O96 -> 0
A97: K | B97: ='Group Matches'!E50 -> DR Congo | C97: ='Group Matches'!D50 -> Colombia | D97: =IF(ISNUMBER('Group Matches'!G50),'Group Matches'!G50,0) -> 0 | E97: =IF(ISNUMBER('Group Matches'!F50),'Group Matches'!F50,0) -> 1 | F97: =IF(AND(ISNUMBER('Group Matches'!G50),ISNUMBER('Group Matches'!F50)),1,0) -> 1 | G97: =IF(AND(F97=1,D97>E97),1,0) -> 0 | H97: =IF(AND(F97=1,D97=E97),1,0) -> 0 | I97: =IF(AND(F97=1,D97<E97),1,0) -> 1 | J97: =3*G97+H97 -> 0 | K97: =IF(ISNUMBER('Group Matches'!K50),'Group Matches'!K50,0) -> 0 | L97: =IF(ISNUMBER('Group Matches'!J50),'Group Matches'!J50,0) -> 0 | M97: =IF(AND(ISNUMBER('Group Matches'!K50),ISNUMBER('Group Matches'!J50)),1,0) -> 0 | N97: =IF(AND(M97=1,K97>L97),1,0) -> 0 | O97: =IF(AND(M97=1,K97=L97),1,0) -> 0 | P97: =IF(AND(M97=1,K97<L97),1,0) -> 0 | Q97: =3*N97+O97 -> 0
A98: B | B98: ='Group Matches'!D51 -> Switzerland | C98: ='Group Matches'!E51 -> Canada | D98: =IF(ISNUMBER('Group Matches'!F51),'Group Matches'!F51,0) -> 1 | E98: =IF(ISNUMBER('Group Matches'!G51),'Group Matches'!G51,0) -> 1 | F98: =IF(AND(ISNUMBER('Group Matches'!F51),ISNUMBER('Group Matches'!G51)),1,0) -> 1 | G98: =IF(AND(F98=1,D98>E98),1,0) -> 0 | H98: =IF(AND(F98=1,D98=E98),1,0) -> 1 | I98: =IF(AND(F98=1,D98<E98),1,0) -> 0 | J98: =3*G98+H98 -> 1 | K98: =IF(ISNUMBER('Group Matches'!J51),'Group Matches'!J51,0) -> 0 | L98: =IF(ISNUMBER('Group Matches'!K51),'Group Matches'!K51,0) -> 0 | M98: =IF(AND(ISNUMBER('Group Matches'!J51),ISNUMBER('Group Matches'!K51)),1,0) -> 0 | N98: =IF(AND(M98=1,K98>L98),1,0) -> 0 | O98: =IF(AND(M98=1,K98=L98),1,0) -> 0 | P98: =IF(AND(M98=1,K98<L98),1,0) -> 0 | Q98: =3*N98+O98 -> 0
A99: B | B99: ='Group Matches'!E51 -> Canada | C99: ='Group Matches'!D51 -> Switzerland | D99: =IF(ISNUMBER('Group Matches'!G51),'Group Matches'!G51,0) -> 1 | E99: =IF(ISNUMBER('Group Matches'!F51),'Group Matches'!F51,0) -> 1 | F99: =IF(AND(ISNUMBER('Group Matches'!G51),ISNUMBER('Group Matches'!F51)),1,0) -> 1 | G99: =IF(AND(F99=1,D99>E99),1,0) -> 0 | H99: =IF(AND(F99=1,D99=E99),1,0) -> 1 | I99: =IF(AND(F99=1,D99<E99),1,0) -> 0 | J99: =3*G99+H99 -> 1 | K99: =IF(ISNUMBER('Group Matches'!K51),'Group Matches'!K51,0) -> 0 | L99: =IF(ISNUMBER('Group Matches'!J51),'Group Matches'!J51,0) -> 0 | M99: =IF(AND(ISNUMBER('Group Matches'!K51),ISNUMBER('Group Matches'!J51)),1,0) -> 0 | N99: =IF(AND(M99=1,K99>L99),1,0) -> 0 | O99: =IF(AND(M99=1,K99=L99),1,0) -> 0 | P99: =IF(AND(M99=1,K99<L99),1,0) -> 0 | Q99: =3*N99+O99 -> 0
A100: B | B100: ='Group Matches'!D52 -> Bosnia & Herzegovina | C100: ='Group Matches'!E52 -> Qatar | D100: =IF(ISNUMBER('Group Matches'!F52),'Group Matches'!F52,0) -> 2 | E100: =IF(ISNUMBER('Group Matches'!G52),'Group Matches'!G52,0) -> 0 | F100: =IF(AND(ISNUMBER('Group Matches'!F52),ISNUMBER('Group Matches'!G52)),1,0) -> 1 | G100: =IF(AND(F100=1,D100>E100),1,0) -> 1 | H100: =IF(AND(F100=1,D100=E100),1,0) -> 0 | I100: =IF(AND(F100=1,D100<E100),1,0) -> 0 | J100: =3*G100+H100 -> 3 | K100: =IF(ISNUMBER('Group Matches'!J52),'Group Matches'!J52,0) -> 0 | L100: =IF(ISNUMBER('Group Matches'!K52),'Group Matches'!K52,0) -> 0 | M100: =IF(AND(ISNUMBER('Group Matches'!J52),ISNUMBER('Group Matches'!K52)),1,0) -> 0 | N100: =IF(AND(M100=1,K100>L100),1,0) -> 0 | O100: =IF(AND(M100=1,K100=L100),1,0) -> 0 | P100: =IF(AND(M100=1,K100<L100),1,0) -> 0 | Q100: =3*N100+O100 -> 0
...

Sheet Standings
A1: GROUP STANDINGS — Ex Ante (predicted) vs Ex Post (actual). Use 'Nudge' (blue) only to break true ties.
A2: Grp | B2: Team | C2: Pld | D2: W | E2: D | F2: L | G2: GF | H2: GA | I2: GD | J2: Pts | K2: Nudge | L2: Key | M2: Rk | N2: Pos | P2: Pld | Q2: W | R2: D | S2: L | T2: GF | U2: GA | V2: GD | W2: Pts | X2: Nudge | Y2: Key | Z2: Rk | AA2: Pos
A3: A | B3: Mexico | C3: =SUMIFS(ENG_Long!$F$2:$F$145,ENG_Long!$B$2:$B$145,$B3) -> 3 | D3: =SUMIFS(ENG_Long!$G$2:$G$145,ENG_Long!$B$2:$B$145,$B3) -> 2 | E3: =SUMIFS(ENG_Long!$H$2:$H$145,ENG_Long!$B$2:$B$145,$B3) -> 0 | F3: =SUMIFS(ENG_Long!$I$2:$I$145,ENG_Long!$B$2:$B$145,$B3) -> 1 | G3: =SUMIFS(ENG_Long!$D$2:$D$145,ENG_Long!$B$2:$B$145,$B3) -> 3 | H3: =SUMIFS(ENG_Long!$E$2:$E$145,ENG_Long!$B$2:$B$145,$B3) -> 2 | I3: =G3-H3 -> 1 | J3: =SUMIFS(ENG_Long!$J$2:$J$145,ENG_Long!$B$2:$B$145,$B3) -> 6 | K3: 0 | L3: =J3*1000000+(I3+100)*1000+G3*10+K3*0.1+0.004 -> 6101030 | M3: =RANK(L3,$L$3:$L$6,0) -> 2 | N3: =CHOOSE(M3,"1st","2nd","3rd","4th") -> 2nd | P3: =SUMIFS(ENG_Long!$M$2:$M$145,ENG_Long!$B$2:$B$145,$B3) -> 1 | Q3: =SUMIFS(ENG_Long!$N$2:$N$145,ENG_Long!$B$2:$B$145,$B3) -> 1 | R3: =SUMIFS(ENG_Long!$O$2:$O$145,ENG_Long!$B$2:$B$145,$B3) -> 0 | S3: =SUMIFS(ENG_Long!$P$2:$P$145,ENG_Long!$B$2:$B$145,$B3) -> 0 | T3: =SUMIFS(ENG_Long!$K$2:$K$145,ENG_Long!$B$2:$B$145,$B3) -> 2 | U3: =SUMIFS(ENG_Long!$L$2:$L$145,ENG_Long!$B$2:$B$145,$B3) -> 0 | V3: =T3-U3 -> 2 | W3: =SUMIFS(ENG_Long!$Q$2:$Q$145,ENG_Long!$B$2:$B$145,$B3) -> 3 | X3: 0 | Y3: =W3*1000000+(V3+100)*1000+T3*10+X3*0.1+0.004 -> 3102020 | Z3: =RANK(Y3,$Y$3:$Y$6,0) -> 1 | AA3: =CHOOSE(Z3,"1st","2nd","3rd","4th") -> 1st
A4: A | B4: South Korea | C4: =SUMIFS(ENG_Long!$F$2:$F$145,ENG_Long!$B$2:$B$145,$B4) -> 3 | D4: =SUMIFS(ENG_Long!$G$2:$G$145,ENG_Long!$B$2:$B$145,$B4) -> 3 | E4: =SUMIFS(ENG_Long!$H$2:$H$145,ENG_Long!$B$2:$B$145,$B4) -> 0 | F4: =SUMIFS(ENG_Long!$I$2:$I$145,ENG_Long!$B$2:$B$145,$B4) -> 0 | G4: =SUMIFS(ENG_Long!$D$2:$D$145,ENG_Long!$B$2:$B$145,$B4) -> 4 | H4: =SUMIFS(ENG_Long!$E$2:$E$145,ENG_Long!$B$2:$B$145,$B4) -> 0 | I4: =G4-H4 -> 4 | J4: =SUMIFS(ENG_Long!$J$2:$J$145,ENG_Long!$B$2:$B$145,$B4) -> 9 | K4: 0 | L4: =J4*1000000+(I4+100)*1000+G4*10+K4*0.1+0.003 -> 9104040 | M4: =RANK(L4,$L$3:$L$6,0) -> 1 | N4: =CHOOSE(M4,"1st","2nd","3rd","4th") -> 1st | P4: =SUMIFS(ENG_Long!$M$2:$M$145,ENG_Long!$B$2:$B$145,$B4) -> 1 | Q4: =SUMIFS(ENG_Long!$N$2:$N$145,ENG_Long!$B$2:$B$145,$B4) -> 1 | R4: =SUMIFS(ENG_Long!$O$2:$O$145,ENG_Long!$B$2:$B$145,$B4) -> 0 | S4: =SUMIFS(ENG_Long!$P$2:$P$145,ENG_Long!$B$2:$B$145,$B4) -> 0 | T4: =SUMIFS(ENG_Long!$K$2:$K$145,ENG_Long!$B$2:$B$145,$B4) -> 2 | U4: =SUMIFS(ENG_Long!$L$2:$L$145,ENG_Long!$B$2:$B$145,$B4) -> 1 | V4: =T4-U4 -> 1 | W4: =SUMIFS(ENG_Long!$Q$2:$Q$145,ENG_Long!$B$2:$B$145,$B4) -> 3 | X4: 0 | Y4: =W4*1000000+(V4+100)*1000+T4*10+X4*0.1+0.003 -> 3101020 | Z4: =RANK(Y4,$Y$3:$Y$6,0) -> 2 | AA4: =CHOOSE(Z4,"1st","2nd","3rd","4th") -> 2nd
A5: A | B5: South Africa | C5: =SUMIFS(ENG_Long!$F$2:$F$145,ENG_Long!$B$2:$B$145,$B5) -> 3 | D5: =SUMIFS(ENG_Long!$G$2:$G$145,ENG_Long!$B$2:$B$145,$B5) -> 0 | E5: =SUMIFS(ENG_Long!$H$2:$H$145,ENG_Long!$B$2:$B$145,$B5) -> 0 | F5: =SUMIFS(ENG_Long!$I$2:$I$145,ENG_Long!$B$2:$B$145,$B5) -> 3 | G5: =SUMIFS(ENG_Long!$D$2:$D$145,ENG_Long!$B$2:$B$145,$B5) -> 0 | H5: =SUMIFS(ENG_Long!$E$2:$E$145,ENG_Long!$B$2:$B$145,$B5) -> 5 | I5: =G5-H5 -> -5 | J5: =SUMIFS(ENG_Long!$J$2:$J$145,ENG_Long!$B$2:$B$145,$B5) -> 0 | K5: 0 | L5: =J5*1000000+(I5+100)*1000+G5*10+K5*0.1+0.002 -> 95000.002 | M5: =RANK(L5,$L$3:$L$6,0) -> 4 | N5: =CHOOSE(M5,"1st","2nd","3rd","4th") -> 4th | P5: =SUMIFS(ENG_Long!$M$2:$M$145,ENG_Long!$B$2:$B$145,$B5) -> 1 | Q5: =SUMIFS(ENG_Long!$N$2:$N$145,ENG_Long!$B$2:$B$145,$B5) -> 0 | R5: =SUMIFS(ENG_Long!$O$2:$O$145,ENG_Long!$B$2:$B$145,$B5) -> 0 | S5: =SUMIFS(ENG_Long!$P$2:$P$145,ENG_Long!$B$2:$B$145,$B5) -> 1 | T5: =SUMIFS(ENG_Long!$K$2:$K$145,ENG_Long!$B$2:$B$145,$B5) -> 0 | U5: =SUMIFS(ENG_Long!$L$2:$L$145,ENG_Long!$B$2:$B$145,$B5) -> 2 | V5: =T5-U5 -> -2 | W5: =SUMIFS(ENG_Long!$Q$2:$Q$145,ENG_Long!$B$2:$B$145,$B5) -> 0 | X5: 0 | Y5: =W5*1000000+(V5+100)*1000+T5*10+X5*0.1+0.002 -> 98000.002 | Z5: =RANK(Y5,$Y$3:$Y$6,0) -> 4 | AA5: =CHOOSE(Z5,"1st","2nd","3rd","4th") -> 4th
A6: A | B6: Czechia | C6: =SUMIFS(ENG_Long!$F$2:$F$145,ENG_Long!$B$2:$B$145,$B6) -> 3 | D6: =SUMIFS(ENG_Long!$G$2:$G$145,ENG_Long!$B$2:$B$145,$B6) -> 1 | E6: =SUMIFS(ENG_Long!$H$2:$H$145,ENG_Long!$B$2:$B$145,$B6) -> 0 | F6: =SUMIFS(ENG_Long!$I$2:$I$145,ENG_Long!$B$2:$B$145,$B6) -> 2 | G6: =SUMIFS(ENG_Long!$D$2:$D$145,ENG_Long!$B$2:$B$145,$B6) -> 3 | H6: =SUMIFS(ENG_Long!$E$2:$E$145,ENG_Long!$B$2:$B$145,$B6) -> 3 | I6: =G6-H6 -> 0 | J6: =SUMIFS(ENG_Long!$J$2:$J$145,ENG_Long!$B$2:$B$145,$B6) -> 3 | K6: 0 | L6: =J6*1000000+(I6+100)*1000+G6*10+K6*0.1+0.001 -> 3100030 | M6: =RANK(L6,$L$3:$L$6,0) -> 3 | N6: =CHOOSE(M6,"1st","2nd","3rd","4th") -> 3rd | P6: =SUMIFS(ENG_Long!$M$2:$M$145,ENG_Long!$B$2:$B$145,$B6) -> 1 | Q6: =SUMIFS(ENG_Long!$N$2:$N$145,ENG_Long!$B$2:$B$145,$B6) -> 0 | R6: =SUMIFS(ENG_Long!$O$2:$O$145,ENG_Long!$B$2:$B$145,$B6) -> 0 | S6: =SUMIFS(ENG_Long!$P$2:$P$145,ENG_Long!$B$2:$B$145,$B6) -> 1 | T6: =SUMIFS(ENG_Long!$K$2:$K$145,ENG_Long!$B$2:$B$145,$B6) -> 1 | U6: =SUMIFS(ENG_Long!$L$2:$L$145,ENG_Long!$B$2:$B$145,$B6) -> 2 | V6: =T6-U6 -> -1 | W6: =SUMIFS(ENG_Long!$Q$2:$Q$145,ENG_Long!$B$2:$B$145,$B6) -> 0 | X6: 0 | Y6: =W6*1000000+(V6+100)*1000+T6*10+X6*0.1+0.001 -> 99010.001 | Z6: =RANK(Y6,$Y$3:$Y$6,0) -> 3 | AA6: =CHOOSE(Z6,"1st","2nd","3rd","4th") -> 3rd
A7: B | B7: Canada | C7: =SUMIFS(ENG_Long!$F$2:$F$145,ENG_Long!$B$2:$B$145,$B7) -> 3 | D7: =SUMIFS(ENG_Long!$G$2:$G$145,ENG_Long!$B$2:$B$145,$B7) -> 1 | E7: =SUMIFS(ENG_Long!$H$2:$H$145,ENG_Long!$B$2:$B$145,$B7) -> 1 | F7: =SUMIFS(ENG_Long!$I$2:$I$145,ENG_Long!$B$2:$B$145,$B7) -> 1 | G7: =SUMIFS(ENG_Long!$D$2:$D$145,ENG_Long!$B$2:$B$145,$B7) -> 3 | H7: =SUMIFS(ENG_Long!$E$2:$E$145,ENG_Long!$B$2:$B$145,$B7) -> 2 | I7: =G7-H7 -> 1 | J7: =SUMIFS(ENG_Long!$J$2:$J$145,ENG_Long!$B$2:$B$145,$B7) -> 4 | K7: 0 | L7: =J7*1000000+(I7+100)*1000+G7*10+K7*0.1+0.004 -> 4101030 | M7: =RANK(L7,$L$7:$L$10,0) -> 3 | N7: =CHOOSE(M7,"1st","2nd","3rd","4th") -> 3rd | P7: =SUMIFS(ENG_Long!$M$2:$M$145,ENG_Long!$B$2:$B$145,$B7) -> 1 | Q7: =SUMIFS(ENG_Long!$N$2:$N$145,ENG_Long!$B$2:$B$145,$B7) -> 0 | R7: =SUMIFS(ENG_Long!$O$2:$O$145,ENG_Long!$B$2:$B$145,$B7) -> 1 | S7: =SUMIFS(ENG_Long!$P$2:$P$145,ENG_Long!$B$2:$B$145,$B7) -> 0 | T7: =SUMIFS(ENG_Long!$K$2:$K$145,ENG_Long!$B$2:$B$145,$B7) -> 1 | U7: =SUMIFS(ENG_Long!$L$2:$L$145,ENG_Long!$B$2:$B$145,$B7) -> 1 | V7: =T7-U7 -> 0 | W7: =SUMIFS(ENG_Long!$Q$2:$Q$145,ENG_Long!$B$2:$B$145,$B7) -> 1 | X7: 0 | Y7: =W7*1000000+(V7+100)*1000+T7*10+X7*0.1+0.004 -> 1100010 | Z7: =RANK(Y7,$Y$7:$Y$10,0) -> 1 | AA7: =CHOOSE(Z7,"1st","2nd","3rd","4th") -> 1st
A8: B | B8: Switzerland | C8: =SUMIFS(ENG_Long!$F$2:$F$145,ENG_Long!$B$2:$B$145,$B8) -> 3 | D8: =SUMIFS(ENG_Long!$G$2:$G$145,ENG_Long!$B$2:$B$145,$B8) -> 1 | E8: =SUMIFS(ENG_Long!$H$2:$H$145,ENG_Long!$B$2:$B$145,$B8) -> 2 | F8: =SUMIFS(ENG_Long!$I$2:$I$145,ENG_Long!$B$2:$B$145,$B8) -> 0 | G8: =SUMIFS(ENG_Long!$D$2:$D$145,ENG_Long!$B$2:$B$145,$B8) -> 4 | H8: =SUMIFS(ENG_Long!$E$2:$E$145,ENG_Long!$B$2:$B$145,$B8) -> 2 | I8: =G8-H8 -> 2 | J8: =SUMIFS(ENG_Long!$J$2:$J$145,ENG_Long!$B$2:$B$145,$B8) -> 5 | K8: 0 | L8: =J8*1000000+(I8+100)*1000+G8*10+K8*0.1+0.003 -> 5102040 | M8: =RANK(L8,$L$7:$L$10,0) -> 2 | N8: =CHOOSE(M8,"1st","2nd","3rd","4th") -> 2nd | P8: =SUMIFS(ENG_Long!$M$2:$M$145,ENG_Long!$B$2:$B$145,$B8) -> 1 | Q8: =SUMIFS(ENG_Long!$N$2:$N$145,ENG_Long!$B$2:$B$145,$B8) -> 0 | R8: =SUMIFS(ENG_Long!$O$2:$O$145,ENG_Long!$B$2:$B$145,$B8) -> 1 | S8: =SUMIFS(ENG_Long!$P$2:$P$145,ENG_Long!$B$2:$B$145,$B8) -> 0 | T8: =SUMIFS(ENG_Long!$K$2:$K$145,ENG_Long!$B$2:$B$145,$B8) -> 1 | U8: =SUMIFS(ENG_Long!$L$2:$L$145,ENG_Long!$B$2:$B$145,$B8) -> 1 | V8: =T8-U8 -> 0 | W8: =SUMIFS(ENG_Long!$Q$2:$Q$145,ENG_Long!$B$2:$B$145,$B8) -> 1 | X8: 0 | Y8: =W8*1000000+(V8+100)*1000+T8*10+X8*0.1+0.003 -> 1100010 | Z8: =RANK(Y8,$Y$7:$Y$10,0) -> 2 | AA8: =CHOOSE(Z8,"1st","2nd","3rd","4th") -> 2nd
A9: B | B9: Qatar | C9: =SUMIFS(ENG_Long!$F$2:$F$145,ENG_Long!$B$2:$B$145,$B9) -> 3 | D9: =SUMIFS(ENG_Long!$G$2:$G$145,ENG_Long!$B$2:$B$145,$B9) -> 0 | E9: =SUMIFS(ENG_Long!$H$2:$H$145,ENG_Long!$B$2:$B$145,$B9) -> 0 | F9: =SUMIFS(ENG_Long!$I$2:$I$145,ENG_Long!$B$2:$B$145,$B9) -> 3 | G9: =SUMIFS(ENG_Long!$D$2:$D$145,ENG_Long!$B$2:$B$145,$B9) -> 0 | H9: =SUMIFS(ENG_Long!$E$2:$E$145,ENG_Long!$B$2:$B$145,$B9) -> 6 | I9: =G9-H9 -> -6 | J9: =SUMIFS(ENG_Long!$J$2:$J$145,ENG_Long!$B$2:$B$145,$B9) -> 0 | K9: 0 | L9: =J9*1000000+(I9+100)*1000+G9*10+K9*0.1+0.002 -> 94000.002 | M9: =RANK(L9,$L$7:$L$10,0) -> 4 | N9: =CHOOSE(M9,"1st","2nd","3rd","4th") -> 4th | P9: =SUMIFS(ENG_Long!$M$2:$M$145,ENG_Long!$B$2:$B$145,$B9) -> 1 | Q9: =SUMIFS(ENG_Long!$N$2:$N$145,ENG_Long!$B$2:$B$145,$B9) -> 0 | R9: =SUMIFS(ENG_Long!$O$2:$O$145,ENG_Long!$B$2:$B$145,$B9) -> 1 | S9: =SUMIFS(ENG_Long!$P$2:$P$145,ENG_Long!$B$2:$B$145,$B9) -> 0 | T9: =SUMIFS(ENG_Long!$K$2:$K$145,ENG_Long!$B$2:$B$145,$B9) -> 1 | U9: =SUMIFS(ENG_Long!$L$2:$L$145,ENG_Long!$B$2:$B$145,$B9) -> 1 | V9: =T9-U9 -> 0 | W9: =SUMIFS(ENG_Long!$Q$2:$Q$145,ENG_Long!$B$2:$B$145,$B9) -> 1 | X9: 0 | Y9: =W9*1000000+(V9+100)*1000+T9*10+X9*0.1+0.002 -> 1100010 | Z9: =RANK(Y9,$Y$7:$Y$10,0) -> 3 | AA9: =CHOOSE(Z9,"1st","2nd","3rd","4th") -> 3rd
A10: B | B10: Bosnia & Herzegovina | C10: =SUMIFS(ENG_Long!$F$2:$F$145,ENG_Long!$B$2:$B$145,$B10) -> 3 | D10: =SUMIFS(ENG_Long!$G$2:$G$145,ENG_Long!$B$2:$B$145,$B10) -> 2 | E10: =SUMIFS(ENG_Long!$H$2:$H$145,ENG_Long!$B$2:$B$145,$B10) -> 1 | F10: =SUMIFS(ENG_Long!$I$2:$I$145,ENG_Long!$B$2:$B$145,$B10) -> 0 | G10: =SUMIFS(ENG_Long!$D$2:$D$145,ENG_Long!$B$2:$B$145,$B10) -> 4 | H10: =SUMIFS(ENG_Long!$E$2:$E$145,ENG_Long!$B$2:$B$145,$B10) -> 1 | I10: =G10-H10 -> 3 | J10: =SUMIFS(ENG_Long!$J$2:$J$145,ENG_Long!$B$2:$B$145,$B10) -> 7 | K10: 0 | L10: =J10*1000000+(I10+100)*1000+G10*10+K10*0.1+0.001 -> 7103040 | M10: =RANK(L10,$L$7:$L$10,0) -> 1 | N10: =CHOOSE(M10,"1st","2nd","3rd","4th") -> 1st | P10: =SUMIFS(ENG_Long!$M$2:$M$145,ENG_Long!$B$2:$B$145,$B10) -> 1 | Q10: =SUMIFS(ENG_Long!$N$2:$N$145,ENG_Long!$B$2:$B$145,$B10) -> 0 | R10: =SUMIFS(ENG_Long!$O$2:$O$145,ENG_Long!$B$2:$B$145,$B10) -> 1 | S10: =SUMIFS(ENG_Long!$P$2:$P$145,ENG_Long!$B$2:$B$145,$B10) -> 0 | T10: =SUMIFS(ENG_Long!$K$2:$K$145,ENG_Long!$B$2:$B$145,$B10) -> 1 | U10: =SUMIFS(ENG_Long!$L$2:$L$145,ENG_Long!$B$2:$B$145,$B10) -> 1 | V10: =T10-U10 -> 0 | W10: =SUMIFS(ENG_Long!$Q$2:$Q$145,ENG_Long!$B$2:$B$145,$B10) -> 1 | X10: 0 | Y10: =W10*1000000+(V10+100)*1000+T10*10+X10*0.1+0.001 -> 1100010 | Z10: =RANK(Y10,$Y$7:$Y$10,0) -> 4 | AA10: =CHOOSE(Z10,"1st","2nd","3rd","4th") -> 4th
A11: C | B11: Brazil | C11: =SUMIFS(ENG_Long!$F$2:$F$145,ENG_Long!$B$2:$B$145,$B11) -> 3 | D11: =SUMIFS(ENG_Long!$G$2:$G$145,ENG_Long!$B$2:$B$145,$B11) -> 3 | E11: =SUMIFS(ENG_Long!$H$2:$H$145,ENG_Long!$B$2:$B$145,$B11) -> 0 | F11: =SUMIFS(ENG_Long!$I$2:$I$145,ENG_Long!$B$2:$B$145,$B11) -> 0 | G11: =SUMIFS(ENG_Long!$D$2:$D$145,ENG_Long!$B$2:$B$145,$B11) -> 7 | H11: =SUMIFS(ENG_Long!$E$2:$E$145,ENG_Long!$B$2:$B$145,$B11) -> 2 | I11: =G11-H11 -> 5 | J11: =SUMIFS(ENG_Long!$J$2:$J$145,ENG_Long!$B$2:$B$145,$B11) -> 9 | K11: 0 | L11: =J11*1000000+(I11+100)*1000+G11*10+K11*0.1+0.004 -> 9105070 | M11: =RANK(L11,$L$11:$L$14,0) -> 1 | N11: =CHOOSE(M11,"1st","2nd","3rd","4th") -> 1st | P11: =SUMIFS(ENG_Long!$M$2:$M$145,ENG_Long!$B$2:$B$145,$B11) -> 1 | Q11: =SUMIFS(ENG_Long!$N$2:$N$145,ENG_Long!$B$2:$B$145,$B11) -> 0 | R11: =SUMIFS(ENG_Long!$O$2:$O$145,ENG_Long!$B$2:$B$145,$B11) -> 1 | S11: =SUMIFS(ENG_Long!$P$2:$P$145,ENG_Long!$B$2:$B$145,$B11) -> 0 | T11: =SUMIFS(ENG_Long!$K$2:$K$145,ENG_Long!$B$2:$B$145,$B11) -> 1 | U11: =SUMIFS(ENG_Long!$L$2:$L$145,ENG_Long!$B$2:$B$145,$B11) -> 1 | V11: =T11-U11 -> 0 | W11: =SUMIFS(ENG_Long!$Q$2:$Q$145,ENG_Long!$B$2:$B$145,$B11) -> 1 | X11: 0 | Y11: =W11*1000000+(V11+100)*1000+T11*10+X11*0.1+0.004 -> 1100010 | Z11: =RANK(Y11,$Y$11:$Y$14,0) -> 2 | AA11: =CHOOSE(Z11,"1st","2nd","3rd","4th") -> 2nd
A12: C | B12: Morocco | C12: =SUMIFS(ENG_Long!$F$2:$F$145,ENG_Long!$B$2:$B$145,$B12) -> 3 | D12: =SUMIFS(ENG_Long!$G$2:$G$145,ENG_Long!$B$2:$B$145,$B12) -> 2 | E12: =SUMIFS(ENG_Long!$H$2:$H$145,ENG_Long!$B$2:$B$145,$B12) -> 0 | F12: =SUMIFS(ENG_Long!$I$2:$I$145,ENG_Long!$B$2:$B$145,$B12) -> 1 | G12: =SUMIFS(ENG_Long!$D$2:$D$145,ENG_Long!$B$2:$B$145,$B12) -> 6 | H12: =SUMIFS(ENG_Long!$E$2:$E$145,ENG_Long!$B$2:$B$145,$B12) -> 3 | I12: =G12-H12 -> 3 | J12: =SUMIFS(ENG_Long!$J$2:$J$145,ENG_Long!$B$2:$B$145,$B12) -> 6 | K12: 0 | L12: =J12*1000000+(I12+100)*1000+G12*10+K12*0.1+0.003 -> 6103060 | M12: =RANK(L12,$L$11:$L$14,0) -> 2 | N12: =CHOOSE(M12,"1st","2nd","3rd","4th") -> 2nd | P12: =SUMIFS(ENG_Long!$M$2:$M$145,ENG_Long!$B$2:$B$145,$B12) -> 1 | Q12: =SUMIFS(ENG_Long!$N$2:$N$145,ENG_Long!$B$2:$B$145,$B12) -> 0 | R12: =SUMIFS(ENG_Long!$O$2:$O$145,ENG_Long!$B$2:$B$145,$B12) -> 1 | S12: =SUMIFS(ENG_Long!$P$2:$P$145,ENG_Long!$B$2:$B$145,$B12) -> 0 | T12: =SUMIFS(ENG_Long!$K$2:$K$145,ENG_Long!$B$2:$B$145,$B12) -> 1 | U12: =SUMIFS(ENG_Long!$L$2:$L$145,ENG_Long!$B$2:$B$145,$B12) -> 1 | V12: =T12-U12 -> 0 | W12: =SUMIFS(ENG_Long!$Q$2:$Q$145,ENG_Long!$B$2:$B$145,$B12) -> 1 | X12: 0 | Y12: =W12*1000000+(V12+100)*1000+T12*10+X12*0.1+0.003 -> 1100010 | Z12: =RANK(Y12,$Y$11:$Y$14,0) -> 3 | AA12: =CHOOSE(Z12,"1st","2nd","3rd","4th") -> 3rd
A13: C | B13: Scotland | C13: =SUMIFS(ENG_Long!$F$2:$F$145,ENG_Long!$B$2:$B$145,$B13) -> 3 | D13: =SUMIFS(ENG_Long!$G$2:$G$145,ENG_Long!$B$2:$B$145,$B13) -> 1 | E13: =SUMIFS(ENG_Long!$H$2:$H$145,ENG_Long!$B$2:$B$145,$B13) -> 0 | F13: =SUMIFS(ENG_Long!$I$2:$I$145,ENG_Long!$B$2:$B$145,$B13) -> 2 | G13: =SUMIFS(ENG_Long!$D$2:$D$145,ENG_Long!$B$2:$B$145,$B13) -> 4 | H13: =SUMIFS(ENG_Long!$E$2:$E$145,ENG_Long!$B$2:$B$145,$B13) -> 4 | I13: =G13-H13 -> 0 | J13: =SUMIFS(ENG_Long!$J$2:$J$145,ENG_Long!$B$2:$B$145,$B13) -> 3 | K13: 0 | L13: =J13*1000000+(I13+100)*1000+G13*10+K13*0.1+0.002 -> 3100040 | M13: =RANK(L13,$L$11:$L$14,0) -> 3 | N13: =CHOOSE(M13,"1st","2nd","3rd","4th") -> 3rd | P13: =SUMIFS(ENG_Long!$M$2:$M$145,ENG_Long!$B$2:$B$145,$B13) -> 1 | Q13: =SUMIFS(ENG_Long!$N$2:$N$145,ENG_Long!$B$2:$B$145,$B13) -> 1 | R13: =SUMIFS(ENG_Long!$O$2:$O$145,ENG_Long!$B$2:$B$145,$B13) -> 0 | S13: =SUMIFS(ENG_Long!$P$2:$P$145,ENG_Long!$B$2:$B$145,$B13) -> 0 | T13: =SUMIFS(ENG_Long!$K$2:$K$145,ENG_Long!$B$2:$B$145,$B13) -> 1 | U13: =SUMIFS(ENG_Long!$L$2:$L$145,ENG_Long!$B$2:$B$145,$B13) -> 0 | V13: =T13-U13 -> 1 | W13: =SUMIFS(ENG_Long!$Q$2:$Q$145,ENG_Long!$B$2:$B$145,$B13) -> 3 | X13: 0 | Y13: =W13*1000000+(V13+100)*1000+T13*10+X13*0.1+0.002 -> 3101010 | Z13: =RANK(Y13,$Y$11:$Y$14,0) -> 1 | AA13: =CHOOSE(Z13,"1st","2nd","3rd","4th") -> 1st
A14: C | B14: Haiti | C14: =SUMIFS(ENG_Long!$F$2:$F$145,ENG_Long!$B$2:$B$145,$B14) -> 3 | D14: =SUMIFS(ENG_Long!$G$2:$G$145,ENG_Long!$B$2:$B$145,$B14) -> 0 | E14: =SUMIFS(ENG_Long!$H$2:$H$145,ENG_Long!$B$2:$B$145,$B14) -> 0 | F14: =SUMIFS(ENG_Long!$I$2:$I$145,ENG_Long!$B$2:$B$145,$B14) -> 3 | G14: =SUMIFS(ENG_Long!$D$2:$D$145,ENG_Long!$B$2:$B$145,$B14) -> 0 | H14: =SUMIFS(ENG_Long!$E$2:$E$145,ENG_Long!$B$2:$B$145,$B14) -> 8 | I14: =G14-H14 -> -8 | J14: =SUMIFS(ENG_Long!$J$2:$J$145,ENG_Long!$B$2:$B$145,$B14) -> 0 | K14: 0 | L14: =J14*1000000+(I14+100)*1000+G14*10+K14*0.1+0.001 -> 92000.001 | M14: =RANK(L14,$L$11:$L$14,0) -> 4 | N14: =CHOOSE(M14,"1st","2nd","3rd","4th") -> 4th | P14: =SUMIFS(ENG_Long!$M$2:$M$145,ENG_Long!$B$2:$B$145,$B14) -> 1 | Q14: =SUMIFS(ENG_Long!$N$2:$N$145,ENG_Long!$B$2:$B$145,$B14) -> 0 | R14: =SUMIFS(ENG_Long!$O$2:$O$145,ENG_Long!$B$2:$B$145,$B14) -> 0 | S14: =SUMIFS(ENG_Long!$P$2:$P$145,ENG_Long!$B$2:$B$145,$B14) -> 1 | T14: =SUMIFS(ENG_Long!$K$2:$K$145,ENG_Long!$B$2:$B$145,$B14) -> 0 | U14: =SUMIFS(ENG_Long!$L$2:$L$145,ENG_Long!$B$2:$B$145,$B14) -> 1 | V14: =T14-U14 -> -1 | W14: =SUMIFS(ENG_Long!$Q$2:$Q$145,ENG_Long!$B$2:$B$145,$B14) -> 0 | X14: 0 | Y14: =W14*1000000+(V14+100)*1000+T14*10+X14*0.1+0.001 -> 99000.001 | Z14: =RANK(Y14,$Y$11:$Y$14,0) -> 4 | AA14: =CHOOSE(Z14,"1st","2nd","3rd","4th") -> 4th
A15: D | B15: United States | C15: =SUMIFS(ENG_Long!$F$2:$F$145,ENG_Long!$B$2:$B$145,$B15) -> 3 | D15: =SUMIFS(ENG_Long!$G$2:$G$145,ENG_Long!$B$2:$B$145,$B15) -> 2 | E15: =SUMIFS(ENG_Long!$H$2:$H$145,ENG_Long!$B$2:$B$145,$B15) -> 1 | F15: =SUMIFS(ENG_Long!$I$2:$I$145,ENG_Long!$B$2:$B$145,$B15) -> 0 | G15: =SUMIFS(ENG_Long!$D$2:$D$145,ENG_Long!$B$2:$B$145,$B15) -> 6 | H15: =SUMIFS(ENG_Long!$E$2:$E$145,ENG_Long!$B$2:$B$145,$B15) -> 3 | I15: =G15-H15 -> 3 | J15: =SUMIFS(ENG_Long!$J$2:$J$145,ENG_Long!$B$2:$B$145,$B15) -> 7 | K15: 0 | L15: =J15*1000000+(I15+100)*1000+G15*10+K15*0.1+0.004 -> 7103060 | M15: =RANK(L15,$L$15:$L$18,0) -> 2 | N15: =CHOOSE(M15,"1st","2nd","3rd","4th") -> 2nd | P15: =SUMIFS(ENG_Long!$M$2:$M$145,ENG_Long!$B$2:$B$145,$B15) -> 1 | Q15: =SUMIFS(ENG_Long!$N$2:$N$145,ENG_Long!$B$2:$B$145,$B15) -> 1 | R15: =SUMIFS(ENG_Long!$O$2:$O$145,ENG_Long!$B$2:$B$145,$B15) -> 0 | S15: =SUMIFS(ENG_Long!$P$2:$P$145,ENG_Long!$B$2:$B$145,$B15) -> 0 | T15: =SUMIFS(ENG_Long!$K$2:$K$145,ENG_Long!$B$2:$B$145,$B15) -> 4 | U15: =SUMIFS(ENG_Long!$L$2:$L$145,ENG_Long!$B$2:$B$145,$B15) -> 1 | V15: =T15-U15 -> 3 | W15: =SUMIFS(ENG_Long!$Q$2:$Q$145,ENG_Long!$B$2:$B$145,$B15) -> 3 | X15: 0 | Y15: =W15*1000000+(V15+100)*1000+T15*10+X15*0.1+0.004 -> 3103040 | Z15: =RANK(Y15,$Y$15:$Y$18,0) -> 1 | AA15: =CHOOSE(Z15,"1st","2nd","3rd","4th") -> 1st
A16: D | B16: Paraguay | C16: =SUMIFS(ENG_Long!$F$2:$F$145,ENG_Long!$B$2:$B$145,$B16) -> 3 | D16: =SUMIFS(ENG_Long!$G$2:$G$145,ENG_Long!$B$2:$B$145,$B16) -> 0 | E16: =SUMIFS(ENG_Long!$H$2:$H$145,ENG_Long!$B$2:$B$145,$B16) -> 0 | F16: =SUMIFS(ENG_Long!$I$2:$I$145,ENG_Long!$B$2:$B$145,$B16) -> 3 | G16: =SUMIFS(ENG_Long!$D$2:$D$145,ENG_Long!$B$2:$B$145,$B16) -> 2 | H16: =SUMIFS(ENG_Long!$E$2:$E$145,ENG_Long!$B$2:$B$145,$B16) -> 6 | I16: =G16-H16 -> -4 | J16: =SUMIFS(ENG_Long!$J$2:$J$145,ENG_Long!$B$2:$B$145,$B16) -> 0 | K16: 0 | L16: =J16*1000000+(I16+100)*1000+G16*10+K16*0.1+0.003 -> 96020.003 | M16: =RANK(L16,$L$15:$L$18,0) -> 4 | N16: =CHOOSE(M16,"1st","2nd","3rd","4th") -> 4th | P16: =SUMIFS(ENG_Long!$M$2:$M$145,ENG_Long!$B$2:$B$145,$B16) -> 1 | Q16: =SUMIFS(ENG_Long!$N$2:$N$145,ENG_Long!$B$2:$B$145,$B16) -> 0 | R16: =SUMIFS(ENG_Long!$O$2:$O$145,ENG_Long!$B$2:$B$145,$B16) -> 0 | S16: =SUMIFS(ENG_Long!$P$2:$P$145,ENG_Long!$B$2:$B$145,$B16) -> 1 | T16: =SUMIFS(ENG_Long!$K$2:$K$145,ENG_Long!$B$2:$B$145,$B16) -> 1 | U16: =SUMIFS(ENG_Long!$L$2:$L$145,ENG_Long!$B$2:$B$145,$B16) -> 4 | V16: =T16-U16 -> -3 | W16: =SUMIFS(ENG_Long!$Q$2:$Q$145,ENG_Long!$B$2:$B$145,$B16) -> 0 | X16: 0 | Y16: =W16*1000000+(V16+100)*1000+T16*10+X16*0.1+0.003 -> 97010.003 | Z16: =RANK(Y16,$Y$15:$Y$18,0) -> 4 | AA16: =CHOOSE(Z16,"1st","2nd","3rd","4th") -> 4th
A17: D | B17: Australia | C17: =SUMIFS(ENG_Long!$F$2:$F$145,ENG_Long!$B$2:$B$145,$B17) -> 3 | D17: =SUMIFS(ENG_Long!$G$2:$G$145,ENG_Long!$B$2:$B$145,$B17) -> 1 | E17: =SUMIFS(ENG_Long!$H$2:$H$145,ENG_Long!$B$2:$B$145,$B17) -> 0 | F17: =SUMIFS(ENG_Long!$I$2:$I$145,ENG_Long!$B$2:$B$145,$B17) -> 2 | G17: =SUMIFS(ENG_Long!$D$2:$D$145,ENG_Long!$B$2:$B$145,$B17) -> 2 | H17: =SUMIFS(ENG_Long!$E$2:$E$145,ENG_Long!$B$2:$B$145,$B17) -> 6 | I17: =G17-H17 -> -4 | J17: =SUMIFS(ENG_Long!$J$2:$J$145,ENG_Long!$B$2:$B$145,$B17) -> 3 | K17: 0 | L17: =J17*1000000+(I17+100)*1000+G17*10+K17*0.1+0.002 -> 3096020 | M17: =RANK(L17,$L$15:$L$18,0) -> 3 | N17: =CHOOSE(M17,"1st","2nd","3rd","4th") -> 3rd | P17: =SUMIFS(ENG_Long!$M$2:$M$145,ENG_Long!$B$2:$B$145,$B17) -> 1 | Q17: =SUMIFS(ENG_Long!$N$2:$N$145,ENG_Long!$B$2:$B$145,$B17) -> 1 | R17: =SUMIFS(ENG_Long!$O$2:$O$145,ENG_Long!$B$2:$B$145,$B17) -> 0 | S17: =SUMIFS(ENG_Long!$P$2:$P$145,ENG_Long!$B$2:$B$145,$B17) -> 0 | T17: =SUMIFS(ENG_Long!$K$2:$K$145,ENG_Long!$B$2:$B$145,$B17) -> 2 | U17: =SUMIFS(ENG_Long!$L$2:$L$145,ENG_Long!$B$2:$B$145,$B17) -> 0 | V17: =T17-U17 -> 2 | W17: =SUMIFS(ENG_Long!$Q$2:$Q$145,ENG_Long!$B$2:$B$145,$B17) -> 3 | X17: 0 | Y17: =W17*1000000+(V17+100)*1000+T17*10+X17*0.1+0.002 -> 3102020 | Z17: =RANK(Y17,$Y$15:$Y$18,0) -> 2 | AA17: =CHOOSE(Z17,"1st","2nd","3rd","4th") -> 2nd
A18: D | B18: Türkiye | C18: =SUMIFS(ENG_Long!$F$2:$F$145,ENG_Long!$B$2:$B$145,$B18) -> 3 | D18: =SUMIFS(ENG_Long!$G$2:$G$145,ENG_Long!$B$2:$B$145,$B18) -> 2 | E18: =SUMIFS(ENG_Long!$H$2:$H$145,ENG_Long!$B$2:$B$145,$B18) -> 1 | F18: =SUMIFS(ENG_Long!$I$2:$I$145,ENG_Long!$B$2:$B$145,$B18) -> 0 | G18: =SUMIFS(ENG_Long!$D$2:$D$145,ENG_Long!$B$2:$B$145,$B18) -> 7 | H18: =SUMIFS(ENG_Long!$E$2:$E$145,ENG_Long!$B$2:$B$145,$B18) -> 2 | I18: =G18-H18 -> 5 | J18: =SUMIFS(ENG_Long!$J$2:$J$145,ENG_Long!$B$2:$B$145,$B18) -> 7 | K18: 0 | L18: =J18*1000000+(I18+100)*1000+G18*10+K18*0.1+0.001 -> 7105070 | M18: =RANK(L18,$L$15:$L$18,0) -> 1 | N18: =CHOOSE(M18,"1st","2nd","3rd","4th") -> 1st | P18: =SUMIFS(ENG_Long!$M$2:$M$145,ENG_Long!$B$2:$B$145,$B18) -> 1 | Q18: =SUMIFS(ENG_Long!$N$2:$N$145,ENG_Long!$B$2:$B$145,$B18) -> 0 | R18: =SUMIFS(ENG_Long!$O$2:$O$145,ENG_Long!$B$2:$B$145,$B18) -> 0 | S18: =SUMIFS(ENG_Long!$P$2:$P$145,ENG_Long!$B$2:$B$145,$B18) -> 1 | T18: =SUMIFS(ENG_Long!$K$2:$K$145,ENG_Long!$B$2:$B$145,$B18) -> 0 | U18: =SUMIFS(ENG_Long!$L$2:$L$145,ENG_Long!$B$2:$B$145,$B18) -> 2 | V18: =T18-U18 -> -2 | W18: =SUMIFS(ENG_Long!$Q$2:$Q$145,ENG_Long!$B$2:$B$145,$B18) -> 0 | X18: 0 | Y18: =W18*1000000+(V18+100)*1000+T18*10+X18*0.1+0.001 -> 98000.001 | Z18: =RANK(Y18,$Y$15:$Y$18,0) -> 3 | AA18: =CHOOSE(Z18,"1st","2nd","3rd","4th") -> 3rd
A19: E | B19: Germany | C19: =SUMIFS(ENG_Long!$F$2:$F$145,ENG_Long!$B$2:$B$145,$B19) -> 3 | D19: =SUMIFS(ENG_Long!$G$2:$G$145,ENG_Long!$B$2:$B$145,$B19) -> 2 | E19: =SUMIFS(ENG_Long!$H$2:$H$145,ENG_Long!$B$2:$B$145,$B19) -> 0 | F19: =SUMIFS(ENG_Long!$I$2:$I$145,ENG_Long!$B$2:$B$145,$B19) -> 1 | G19: =SUMIFS(ENG_Long!$D$2:$D$145,ENG_Long!$B$2:$B$145,$B19) -> 4 | H19: =SUMIFS(ENG_Long!$E$2:$E$145,ENG_Long!$B$2:$B$145,$B19) -> 2 | I19: =G19-H19 -> 2 | J19: =SUMIFS(ENG_Long!$J$2:$J$145,ENG_Long!$B$2:$B$145,$B19) -> 6 | K19: 0 | L19: =J19*1000000+(I19+100)*1000+G19*10+K19*0.1+0.004 -> 6102040 | M19: =RANK(L19,$L$19:$L$22,0) -> 2 | N19: =CHOOSE(M19,"1st","2nd","3rd","4th") -> 2nd | P19: =SUMIFS(ENG_Long!$M$2:$M$145,ENG_Long!$B$2:$B$145,$B19) -> 1 | Q19: =SUMIFS(ENG_Long!$N$2:$N$145,ENG_Long!$B$2:$B$145,$B19) -> 1 | R19: =SUMIFS(ENG_Long!$O$2:$O$145,ENG_Long!$B$2:$B$145,$B19) -> 0 | S19: =SUMIFS(ENG_Long!$P$2:$P$145,ENG_Long!$B$2:$B$145,$B19) -> 0 | T19: =SUMIFS(ENG_Long!$K$2:$K$145,ENG_Long!$B$2:$B$145,$B19) -> 7 | U19: =SUMIFS(ENG_Long!$L$2:$L$145,ENG_Long!$B$2:$B$145,$B19) -> 1 | V19: =T19-U19 -> 6 | W19: =SUMIFS(ENG_Long!$Q$2:$Q$145,ENG_Long!$B$2:$B$145,$B19) -> 3 | X19: 0 | Y19: =W19*1000000+(V19+100)*1000+T19*10+X19*0.1+0.004 -> 3106070 | Z19: =RANK(Y19,$Y$19:$Y$22,0) -> 1 | AA19: =CHOOSE(Z19,"1st","2nd","3rd","4th") -> 1st
A20: E | B20: Ecuador | C20: =SUMIFS(ENG_Long!$F$2:$F$145,ENG_Long!$B$2:$B$145,$B20) -> 3 | D20: =SUMIFS(ENG_Long!$G$2:$G$145,ENG_Long!$B$2:$B$145,$B20) -> 3 | E20: =SUMIFS(ENG_Long!$H$2:$H$145,ENG_Long!$B$2:$B$145,$B20) -> 0 | F20: =SUMIFS(ENG_Long!$I$2:$I$145,ENG_Long!$B$2:$B$145,$B20) -> 0 | G20: =SUMIFS(ENG_Long!$D$2:$D$145,ENG_Long!$B$2:$B$145,$B20) -> 6 | H20: =SUMIFS(ENG_Long!$E$2:$E$145,ENG_Long!$B$2:$B$145,$B20) -> 1 | I20: =G20-H20 -> 5 | J20: =SUMIFS(ENG_Long!$J$2:$J$145,ENG_Long!$B$2:$B$145,$B20) -> 9 | K20: 0 | L20: =J20*1000000+(I20+100)*1000+G20*10+K20*0.1+0.003 -> 9105060 | M20: =RANK(L20,$L$19:$L$22,0) -> 1 | N20: =CHOOSE(M20,"1st","2nd","3rd","4th") -> 1st | P20: =SUMIFS(ENG_Long!$M$2:$M$145,ENG_Long!$B$2:$B$145,$B20) -> 1 | Q20: =SUMIFS(ENG_Long!$N$2:$N$145,ENG_Long!$B$2:$B$145,$B20) -> 0 | R20: =SUMIFS(ENG_Long!$O$2:$O$145,ENG_Long!$B$2:$B$145,$B20) -> 0 | S20: =SUMIFS(ENG_Long!$P$2:$P$145,ENG_Long!$B$2:$B$145,$B20) -> 1 | T20: =SUMIFS(ENG_Long!$K$2:$K$145,ENG_Long!$B$2:$B$145,$B20) -> 0 | U20: =SUMIFS(ENG_Long!$L$2:$L$145,ENG_Long!$B$2:$B$145,$B20) -> 1 | V20: =T20-U20 -> -1 | W20: =SUMIFS(ENG_Long!$Q$2:$Q$145,ENG_Long!$B$2:$B$145,$B20) -> 0 | X20: 0 | Y20: =W20*1000000+(V20+100)*1000+T20*10+X20*0.1+0.003 -> 99000.003 | Z20: =RANK(Y20,$Y$19:$Y$22,0) -> 3 | AA20: =CHOOSE(Z20,"1st","2nd","3rd","4th") -> 3rd
A21: E | B21: Côte d'Ivoire | C21: =SUMIFS(ENG_Long!$F$2:$F$145,ENG_Long!$B$2:$B$145,$B21) -> 3 | D21: =SUMIFS(ENG_Long!$G$2:$G$145,ENG_Long!$B$2:$B$145,$B21) -> 0 | E21: =SUMIFS(ENG_Long!$H$2:$H$145,ENG_Long!$B$2:$B$145,$B21) -> 1 | F21: =SUMIFS(ENG_Long!$I$2:$I$145,ENG_Long!$B$2:$B$145,$B21) -> 2 | G21: =SUMIFS(ENG_Long!$D$2:$D$145,ENG_Long!$B$2:$B$145,$B21) -> 1 | H21: =SUMIFS(ENG_Long!$E$2:$E$145,ENG_Long!$B$2:$B$145,$B21) -> 4 | I21: =G21-H21 -> -3 | J21: =SUMIFS(ENG_Long!$J$2:$J$145,ENG_Long!$B$2:$B$145,$B21) -> 1 | K21: 0 | L21: =J21*1000000+(I21+100)*1000+G21*10+K21*0.1+0.002 -> 1097010 | M21: =RANK(L21,$L$19:$L$22,0) -> 3 | N21: =CHOOSE(M21,"1st","2nd","3rd","4th") -> 3rd | P21: =SUMIFS(ENG_Long!$M$2:$M$145,ENG_Long!$B$2:$B$145,$B21) -> 1 | Q21: =SUMIFS(ENG_Long!$N$2:$N$145,ENG_Long!$B$2:$B$145,$B21) -> 1 | R21: =SUMIFS(ENG_Long!$O$2:$O$145,ENG_Long!$B$2:$B$145,$B21) -> 0 | S21: =SUMIFS(ENG_Long!$P$2:$P$145,ENG_Long!$B$2:$B$145,$B21) -> 0 | T21: =SUMIFS(ENG_Long!$K$2:$K$145,ENG_Long!$B$2:$B$145,$B21) -> 1 | U21: =SUMIFS(ENG_Long!$L$2:$L$145,ENG_Long!$B$2:$B$145,$B21) -> 0 | V21: =T21-U21 -> 1 | W21: =SUMIFS(ENG_Long!$Q$2:$Q$145,ENG_Long!$B$2:$B$145,$B21) -> 3 | X21: 0 | Y21: =W21*1000000+(V21+100)*1000+T21*10+X21*0.1+0.002 -> 3101010 | Z21: =RANK(Y21,$Y$19:$Y$22,0) -> 2 | AA21: =CHOOSE(Z21,"1st","2nd","3rd","4th") -> 2nd
A22: E | B22: Curaçao | C22: =SUMIFS(ENG_Long!$F$2:$F$145,ENG_Long!$B$2:$B$145,$B22) -> 3 | D22: =SUMIFS(ENG_Long!$G$2:$G$145,ENG_Long!$B$2:$B$145,$B22) -> 0 | E22: =SUMIFS(ENG_Long!$H$2:$H$145,ENG_Long!$B$2:$B$145,$B22) -> 1 | F22: =SUMIFS(ENG_Long!$I$2:$I$145,ENG_Long!$B$2:$B$145,$B22) -> 2 | G22: =SUMIFS(ENG_Long!$D$2:$D$145,ENG_Long!$B$2:$B$145,$B22) -> 1 | H22: =SUMIFS(ENG_Long!$E$2:$E$145,ENG_Long!$B$2:$B$145,$B22) -> 5 | I22: =G22-H22 -> -4 | J22: =SUMIFS(ENG_Long!$J$2:$J$145,ENG_Long!$B$2:$B$145,$B22) -> 1 | K22: 0 | L22: =J22*1000000+(I22+100)*1000+G22*10+K22*0.1+0.001 -> 1096010 | M22: =RANK(L22,$L$19:$L$22,0) -> 4 | N22: =CHOOSE(M22,"1st","2nd","3rd","4th") -> 4th | P22: =SUMIFS(ENG_Long!$M$2:$M$145,ENG_Long!$B$2:$B$145,$B22) -> 1 | Q22: =SUMIFS(ENG_Long!$N$2:$N$145,ENG_Long!$B$2:$B$145,$B22) -> 0 | R22: =SUMIFS(ENG_Long!$O$2:$O$145,ENG_Long!$B$2:$B$145,$B22) -> 0 | S22: =SUMIFS(ENG_Long!$P$2:$P$145,ENG_Long!$B$2:$B$145,$B22) -> 1 | T22: =SUMIFS(ENG_Long!$K$2:$K$145,ENG_Long!$B$2:$B$145,$B22) -> 1 | U22: =SUMIFS(ENG_Long!$L$2:$L$145,ENG_Long!$B$2:$B$145,$B22) -> 7 | V22: =T22-U22 -> -6 | W22: =SUMIFS(ENG_Long!$Q$2:$Q$145,ENG_Long!$B$2:$B$145,$B22) -> 0 | X22: 0 | Y22: =W22*1000000+(V22+100)*1000+T22*10+X22*0.1+0.001 -> 94010.001 | Z22: =RANK(Y22,$Y$19:$Y$22,0) -> 4 | AA22: =CHOOSE(Z22,"1st","2nd","3rd","4th") -> 4th
A23: F | B23: Netherlands | C23: =SUMIFS(ENG_Long!$F$2:$F$145,ENG_Long!$B$2:$B$145,$B23) -> 3 | D23: =SUMIFS(ENG_Long!$G$2:$G$145,ENG_Long!$B$2:$B$145,$B23) -> 3 | E23: =SUMIFS(ENG_Long!$H$2:$H$145,ENG_Long!$B$2:$B$145,$B23) -> 0 | F23: =SUMIFS(ENG_Long!$I$2:$I$145,ENG_Long!$B$2:$B$145,$B23) -> 0 | G23: =SUMIFS(ENG_Long!$D$2:$D$145,ENG_Long!$B$2:$B$145,$B23) -> 5 | H23: =SUMIFS(ENG_Long!$E$2:$E$145,ENG_Long!$B$2:$B$145,$B23) -> 2 | I23: =G23-H23 -> 3 | J23: =SUMIFS(ENG_Long!$J$2:$J$145,ENG_Long!$B$2:$B$145,$B23) -> 9 | K23: 0 | L23: =J23*1000000+(I23+100)*1000+G23*10+K23*0.1+0.004 -> 9103050 | M23: =RANK(L23,$L$23:$L$26,0) -> 1 | N23: =CHOOSE(M23,"1st","2nd","3rd","4th") -> 1st | P23: =SUMIFS(ENG_Long!$M$2:$M$145,ENG_Long!$B$2:$B$145,$B23) -> 1 | Q23: =SUMIFS(ENG_Long!$N$2:$N$145,ENG_Long!$B$2:$B$145,$B23) -> 0 | R23: =SUMIFS(ENG_Long!$O$2:$O$145,ENG_Long!$B$2:$B$145,$B23) -> 1 | S23: =SUMIFS(ENG_Long!$P$2:$P$145,ENG_Long!$B$2:$B$145,$B23) -> 0 | T23: =SUMIFS(ENG_Long!$K$2:$K$145,ENG_Long!$B$2:$B$145,$B23) -> 2 | U23: =SUMIFS(ENG_Long!$L$2:$L$145,ENG_Long!$B$2:$B$145,$B23) -> 2 | V23: =T23-U23 -> 0 | W23: =SUMIFS(ENG_Long!$Q$2:$Q$145,ENG_Long!$B$2:$B$145,$B23) -> 1 | X23: 0 | Y23: =W23*1000000+(V23+100)*1000+T23*10+X23*0.1+0.004 -> 1100020 | Z23: =RANK(Y23,$Y$23:$Y$26,0) -> 2 | AA23: =CHOOSE(Z23,"1st","2nd","3rd","4th") -> 2nd
A24: F | B24: Japan | C24: =SUMIFS(ENG_Long!$F$2:$F$145,ENG_Long!$B$2:$B$145,$B24) -> 3 | D24: =SUMIFS(ENG_Long!$G$2:$G$145,ENG_Long!$B$2:$B$145,$B24) -> 2 | E24: =SUMIFS(ENG_Long!$H$2:$H$145,ENG_Long!$B$2:$B$145,$B24) -> 0 | F24: =SUMIFS(ENG_Long!$I$2:$I$145,ENG_Long!$B$2:$B$145,$B24) -> 1 | G24: =SUMIFS(ENG_Long!$D$2:$D$145,ENG_Long!$B$2:$B$145,$B24) -> 4 | H24: =SUMIFS(ENG_Long!$E$2:$E$145,ENG_Long!$B$2:$B$145,$B24) -> 2 | I24: =G24-H24 -> 2 | J24: =SUMIFS(ENG_Long!$J$2:$J$145,ENG_Long!$B$2:$B$145,$B24) -> 6 | K24: 0 | L24: =J24*1000000+(I24+100)*1000+G24*10+K24*0.1+0.003 -> 6102040 | M24: =RANK(L24,$L$23:$L$26,0) -> 2 | N24: =CHOOSE(M24,"1st","2nd","3rd","4th") -> 2nd | P24: =SUMIFS(ENG_Long!$M$2:$M$145,ENG_Long!$B$2:$B$145,$B24) -> 1 | Q24: =SUMIFS(ENG_Long!$N$2:$N$145,ENG_Long!$B$2:$B$145,$B24) -> 0 | R24: =SUMIFS(ENG_Long!$O$2:$O$145,ENG_Long!$B$2:$B$145,$B24) -> 1 | S24: =SUMIFS(ENG_Long!$P$2:$P$145,ENG_Long!$B$2:$B$145,$B24) -> 0 | T24: =SUMIFS(ENG_Long!$K$2:$K$145,ENG_Long!$B$2:$B$145,$B24) -> 2 | U24: =SUMIFS(ENG_Long!$L$2:$L$145,ENG_Long!$B$2:$B$145,$B24) -> 2 | V24: =T24-U24 -> 0 | W24: =SUMIFS(ENG_Long!$Q$2:$Q$145,ENG_Long!$B$2:$B$145,$B24) -> 1 | X24: 0 | Y24: =W24*1000000+(V24+100)*1000+T24*10+X24*0.1+0.003 -> 1100020 | Z24: =RANK(Y24,$Y$23:$Y$26,0) -> 3 | AA24: =CHOOSE(Z24,"1st","2nd","3rd","4th") -> 3rd
A25: F | B25: Tunisia | C25: =SUMIFS(ENG_Long!$F$2:$F$145,ENG_Long!$B$2:$B$145,$B25) -> 3 | D25: =SUMIFS(ENG_Long!$G$2:$G$145,ENG_Long!$B$2:$B$145,$B25) -> 0 | E25: =SUMIFS(ENG_Long!$H$2:$H$145,ENG_Long!$B$2:$B$145,$B25) -> 0 | F25: =SUMIFS(ENG_Long!$I$2:$I$145,ENG_Long!$B$2:$B$145,$B25) -> 3 | G25: =SUMIFS(ENG_Long!$D$2:$D$145,ENG_Long!$B$2:$B$145,$B25) -> 1 | H25: =SUMIFS(ENG_Long!$E$2:$E$145,ENG_Long!$B$2:$B$145,$B25) -> 5 | I25: =G25-H25 -> -4 | J25: =SUMIFS(ENG_Long!$J$2:$J$145,ENG_Long!$B$2:$B$145,$B25) -> 0 | K25: 0 | L25: =J25*1000000+(I25+100)*1000+G25*10+K25*0.1+0.002 -> 96010.002 | M25: =RANK(L25,$L$23:$L$26,0) -> 4 | N25: =CHOOSE(M25,"1st","2nd","3rd","4th") -> 4th | P25: =SUMIFS(ENG_Long!$M$2:$M$145,ENG_Long!$B$2:$B$145,$B25) -> 1 | Q25: =SUMIFS(ENG_Long!$N$2:$N$145,ENG_Long!$B$2:$B$145,$B25) -> 0 | R25: =SUMIFS(ENG_Long!$O$2:$O$145,ENG_Long!$B$2:$B$145,$B25) -> 0 | S25: =SUMIFS(ENG_Long!$P$2:$P$145,ENG_Long!$B$2:$B$145,$B25) -> 1 | T25: =SUMIFS(ENG_Long!$K$2:$K$145,ENG_Long!$B$2:$B$145,$B25) -> 1 | U25: =SUMIFS(ENG_Long!$L$2:$L$145,ENG_Long!$B$2:$B$145,$B25) -> 5 | V25: =T25-U25 -> -4 | W25: =SUMIFS(ENG_Long!$Q$2:$Q$145,ENG_Long!$B$2:$B$145,$B25) -> 0 | X25: 0 | Y25: =W25*1000000+(V25+100)*1000+T25*10+X25*0.1+0.002 -> 96010.002 | Z25: =RANK(Y25,$Y$23:$Y$26,0) -> 4 | AA25: =CHOOSE(Z25,"1st","2nd","3rd","4th") -> 4th
A26: F | B26: Sweden | C26: =SUMIFS(ENG_Long!$F$2:$F$145,ENG_Long!$B$2:$B$145,$B26) -> 3 | D26: =SUMIFS(ENG_Long!$G$2:$G$145,ENG_Long!$B$2:$B$145,$B26) -> 1 | E26: =SUMIFS(ENG_Long!$H$2:$H$145,ENG_Long!$B$2:$B$145,$B26) -> 0 | F26: =SUMIFS(ENG_Long!$I$2:$I$145,ENG_Long!$B$2:$B$145,$B26) -> 2 | G26: =SUMIFS(ENG_Long!$D$2:$D$145,ENG_Long!$B$2:$B$145,$B26) -> 3 | H26: =SUMIFS(ENG_Long!$E$2:$E$145,ENG_Long!$B$2:$B$145,$B26) -> 4 | I26: =G26-H26 -> -1 | J26: =SUMIFS(ENG_Long!$J$2:$J$145,ENG_Long!$B$2:$B$145,$B26) -> 3 | K26: 0 | L26: =J26*1000000+(I26+100)*1000+G26*10+K26*0.1+0.001 -> 3099030 | M26: =RANK(L26,$L$23:$L$26,0) -> 3 | N26: =CHOOSE(M26,"1st","2nd","3rd","4th") -> 3rd | P26: =SUMIFS(ENG_Long!$M$2:$M$145,ENG_Long!$B$2:$B$145,$B26) -> 1 | Q26: =SUMIFS(ENG_Long!$N$2:$N$145,ENG_Long!$B$2:$B$145,$B26) -> 1 | R26: =SUMIFS(ENG_Long!$O$2:$O$145,ENG_Long!$B$2:$B$145,$B26) -> 0 | S26: =SUMIFS(ENG_Long!$P$2:$P$145,ENG_Long!$B$2:$B$145,$B26) -> 0 | T26: =SUMIFS(ENG_Long!$K$2:$K$145,ENG_Long!$B$2:$B$145,$B26) -> 5 | U26: =SUMIFS(ENG_Long!$L$2:$L$145,ENG_Long!$B$2:$B$145,$B26) -> 1 | V26: =T26-U26 -> 4 | W26: =SUMIFS(ENG_Long!$Q$2:$Q$145,ENG_Long!$B$2:$B$145,$B26) -> 3 | X26: 0 | Y26: =W26*1000000+(V26+100)*1000+T26*10+X26*0.1+0.001 -> 3104050 | Z26: =RANK(Y26,$Y$23:$Y$26,0) -> 1 | AA26: =CHOOSE(Z26,"1st","2nd","3rd","4th") -> 1st
A27: G | B27: Belgium | C27: =SUMIFS(ENG_Long!$F$2:$F$145,ENG_Long!$B$2:$B$145,$B27) -> 3 | D27: =SUMIFS(ENG_Long!$G$2:$G$145,ENG_Long!$B$2:$B$145,$B27) -> 2 | E27: =SUMIFS(ENG_Long!$H$2:$H$145,ENG_Long!$B$2:$B$145,$B27) -> 1 | F27: =SUMIFS(ENG_Long!$I$2:$I$145,ENG_Long!$B$2:$B$145,$B27) -> 0 | G27: =SUMIFS(ENG_Long!$D$2:$D$145,ENG_Long!$B$2:$B$145,$B27) -> 5 | H27: =SUMIFS(ENG_Long!$E$2:$E$145,ENG_Long!$B$2:$B$145,$B27) -> 2 | I27: =G27-H27 -> 3 | J27: =SUMIFS(ENG_Long!$J$2:$J$145,ENG_Long!$B$2:$B$145,$B27) -> 7 | K27: 0 | L27: =J27*1000000+(I27+100)*1000+G27*10+K27*0.1+0.004 -> 7103050 | M27: =RANK(L27,$L$27:$L$30,0) -> 2 | N27: =CHOOSE(M27,"1st","2nd","3rd","4th") -> 2nd | P27: =SUMIFS(ENG_Long!$M$2:$M$145,ENG_Long!$B$2:$B$145,$B27) -> 0 | Q27: =SUMIFS(ENG_Long!$N$2:$N$145,ENG_Long!$B$2:$B$145,$B27) -> 0 | R27: =SUMIFS(ENG_Long!$O$2:$O$145,ENG_Long!$B$2:$B$145,$B27) -> 0 | S27: =SUMIFS(ENG_Long!$P$2:$P$145,ENG_Long!$B$2:$B$145,$B27) -> 0 | T27: =SUMIFS(ENG_Long!$K$2:$K$145,ENG_Long!$B$2:$B$145,$B27) -> 0 | U27: =SUMIFS(ENG_Long!$L$2:$L$145,ENG_Long!$B$2:$B$145,$B27) -> 0 | V27: =T27-U27 -> 0 | W27: =SUMIFS(ENG_Long!$Q$2:$Q$145,ENG_Long!$B$2:$B$145,$B27) -> 0 | X27: 0 | Y27: =W27*1000000+(V27+100)*1000+T27*10+X27*0.1+0.004 -> 100000 | Z27: =RANK(Y27,$Y$27:$Y$30,0) -> 1 | AA27: =CHOOSE(Z27,"1st","2nd","3rd","4th") -> 1st
A28: G | B28: Iran | C28: =SUMIFS(ENG_Long!$F$2:$F$145,ENG_Long!$B$2:$B$145,$B28) -> 3 | D28: =SUMIFS(ENG_Long!$G$2:$G$145,ENG_Long!$B$2:$B$145,$B28) -> 0 | E28: =SUMIFS(ENG_Long!$H$2:$H$145,ENG_Long!$B$2:$B$145,$B28) -> 1 | F28: =SUMIFS(ENG_Long!$I$2:$I$145,ENG_Long!$B$2:$B$145,$B28) -> 2 | G28: =SUMIFS(ENG_Long!$D$2:$D$145,ENG_Long!$B$2:$B$145,$B28) -> 1 | H28: =SUMIFS(ENG_Long!$E$2:$E$145,ENG_Long!$B$2:$B$145,$B28) -> 4 | I28: =G28-H28 -> -3 | J28: =SUMIFS(ENG_Long!$J$2:$J$145,ENG_Long!$B$2:$B$145,$B28) -> 1 | K28: 0 | L28: =J28*1000000+(I28+100)*1000+G28*10+K28*0.1+0.003 -> 1097010 | M28: =RANK(L28,$L$27:$L$30,0) -> 3 | N28: =CHOOSE(M28,"1st","2nd","3rd","4th") -> 3rd | P28: =SUMIFS(ENG_Long!$M$2:$M$145,ENG_Long!$B$2:$B$145,$B28) -> 0 | Q28: =SUMIFS(ENG_Long!$N$2:$N$145,ENG_Long!$B$2:$B$145,$B28) -> 0 | R28: =SUMIFS(ENG_Long!$O$2:$O$145,ENG_Long!$B$2:$B$145,$B28) -> 0 | S28: =SUMIFS(ENG_Long!$P$2:$P$145,ENG_Long!$B$2:$B$145,$B28) -> 0 | T28: =SUMIFS(ENG_Long!$K$2:$K$145,ENG_Long!$B$2:$B$145,$B28) -> 0 | U28: =SUMIFS(ENG_Long!$L$2:$L$145,ENG_Long!$B$2:$B$145,$B28) -> 0 | V28: =T28-U28 -> 0 | W28: =SUMIFS(ENG_Long!$Q$2:$Q$145,ENG_Long!$B$2:$B$145,$B28) -> 0 | X28: 0 | Y28: =W28*1000000+(V28+100)*1000+T28*10+X28*0.1+0.003 -> 100000 | Z28: =RANK(Y28,$Y$27:$Y$30,0) -> 2 | AA28: =CHOOSE(Z28,"1st","2nd","3rd","4th") -> 2nd
A29: G | B29: Egypt | C29: =SUMIFS(ENG_Long!$F$2:$F$145,ENG_Long!$B$2:$B$145,$B29) -> 3 | D29: =SUMIFS(ENG_Long!$G$2:$G$145,ENG_Long!$B$2:$B$145,$B29) -> 2 | E29: =SUMIFS(ENG_Long!$H$2:$H$145,ENG_Long!$B$2:$B$145,$B29) -> 1 | F29: =SUMIFS(ENG_Long!$I$2:$I$145,ENG_Long!$B$2:$B$145,$B29) -> 0 | G29: =SUMIFS(ENG_Long!$D$2:$D$145,ENG_Long!$B$2:$B$145,$B29) -> 5 | H29: =SUMIFS(ENG_Long!$E$2:$E$145,ENG_Long!$B$2:$B$145,$B29) -> 1 | I29: =G29-H29 -> 4 | J29: =SUMIFS(ENG_Long!$J$2:$J$145,ENG_Long!$B$2:$B$145,$B29) -> 7 | K29: 0 | L29: =J29*1000000+(I29+100)*1000+G29*10+K29*0.1+0.002 -> 7104050 | M29: =RANK(L29,$L$27:$L$30,0) -> 1 | N29: =CHOOSE(M29,"1st","2nd","3rd","4th") -> 1st | P29: =SUMIFS(ENG_Long!$M$2:$M$145,ENG_Long!$B$2:$B$145,$B29) -> 0 | Q29: =SUMIFS(ENG_Long!$N$2:$N$145,ENG_Long!$B$2:$B$145,$B29) -> 0 | R29: =SUMIFS(ENG_Long!$O$2:$O$145,ENG_Long!$B$2:$B$145,$B29) -> 0 | S29: =SUMIFS(ENG_Long!$P$2:$P$145,ENG_Long!$B$2:$B$145,$B29) -> 0 | T29: =SUMIFS(ENG_Long!$K$2:$K$145,ENG_Long!$B$2:$B$145,$B29) -> 0 | U29: =SUMIFS(ENG_Long!$L$2:$L$145,ENG_Long!$B$2:$B$145,$B29) -> 0 | V29: =T29-U29 -> 0 | W29: =SUMIFS(ENG_Long!$Q$2:$Q$145,ENG_Long!$B$2:$B$145,$B29) -> 0 | X29: 0 | Y29: =W29*1000000+(V29+100)*1000+T29*10+X29*0.1+0.002 -> 100000 | Z29: =RANK(Y29,$Y$27:$Y$30,0) -> 3 | AA29: =CHOOSE(Z29,"1st","2nd","3rd","4th") -> 3rd
A30: G | B30: New Zealand | C30: =SUMIFS(ENG_Long!$F$2:$F$145,ENG_Long!$B$2:$B$145,$B30) -> 3 | D30: =SUMIFS(ENG_Long!$G$2:$G$145,ENG_Long!$B$2:$B$145,$B30) -> 0 | E30: =SUMIFS(ENG_Long!$H$2:$H$145,ENG_Long!$B$2:$B$145,$B30) -> 1 | F30: =SUMIFS(ENG_Long!$I$2:$I$145,ENG_Long!$B$2:$B$145,$B30) -> 2 | G30: =SUMIFS(ENG_Long!$D$2:$D$145,ENG_Long!$B$2:$B$145,$B30) -> 0 | H30: =SUMIFS(ENG_Long!$E$2:$E$145,ENG_Long!$B$2:$B$145,$B30) -> 4 | I30: =G30-H30 -> -4 | J30: =SUMIFS(ENG_Long!$J$2:$J$145,ENG_Long!$B$2:$B$145,$B30) -> 1 | K30: 0 | L30: =J30*1000000+(I30+100)*1000+G30*10+K30*0.1+0.001 -> 1096000 | M30: =RANK(L30,$L$27:$L$30,0) -> 4 | N30: =CHOOSE(M30,"1st","2nd","3rd","4th") -> 4th | P30: =SUMIFS(ENG_Long!$M$2:$M$145,ENG_Long!$B$2:$B$145,$B30) -> 0 | Q30: =SUMIFS(ENG_Long!$N$2:$N$145,ENG_Long!$B$2:$B$145,$B30) -> 0 | R30: =SUMIFS(ENG_Long!$O$2:$O$145,ENG_Long!$B$2:$B$145,$B30) -> 0 | S30: =SUMIFS(ENG_Long!$P$2:$P$145,ENG_Long!$B$2:$B$145,$B30) -> 0 | T30: =SUMIFS(ENG_Long!$K$2:$K$145,ENG_Long!$B$2:$B$145,$B30) -> 0 | U30: =SUMIFS(ENG_Long!$L$2:$L$145,ENG_Long!$B$2:$B$145,$B30) -> 0 | V30: =T30-U30 -> 0 | W30: =SUMIFS(ENG_Long!$Q$2:$Q$145,ENG_Long!$B$2:$B$145,$B30) -> 0 | X30: 0 | Y30: =W30*1000000+(V30+100)*1000+T30*10+X30*0.1+0.001 -> 100000 | Z30: =RANK(Y30,$Y$27:$Y$30,0) -> 4 | AA30: =CHOOSE(Z30,"1st","2nd","3rd","4th") -> 4th
A31: H | B31: Spain | C31: =SUMIFS(ENG_Long!$F$2:$F$145,ENG_Long!$B$2:$B$145,$B31) -> 3 | D31: =SUMIFS(ENG_Long!$G$2:$G$145,ENG_Long!$B$2:$B$145,$B31) -> 3 | E31: =SUMIFS(ENG_Long!$H$2:$H$145,ENG_Long!$B$2:$B$145,$B31) -> 0 | F31: =SUMIFS(ENG_Long!$I$2:$I$145,ENG_Long!$B$2:$B$145,$B31) -> 0 | G31: =SUMIFS(ENG_Long!$D$2:$D$145,ENG_Long!$B$2:$B$145,$B31) -> 8 | H31: =SUMIFS(ENG_Long!$E$2:$E$145,ENG_Long!$B$2:$B$145,$B31) -> 1 | I31: =G31-H31 -> 7 | J31: =SUMIFS(ENG_Long!$J$2:$J$145,ENG_Long!$B$2:$B$145,$B31) -> 9 | K31: 0 | L31: =J31*1000000+(I31+100)*1000+G31*10+K31*0.1+0.004 -> 9107080 | M31: =RANK(L31,$L$31:$L$34,0) -> 1 | N31: =CHOOSE(M31,"1st","2nd","3rd","4th") -> 1st | P31: =SUMIFS(ENG_Long!$M$2:$M$145,ENG_Long!$B$2:$B$145,$B31) -> 0 | Q31: =SUMIFS(ENG_Long!$N$2:$N$145,ENG_Long!$B$2:$B$145,$B31) -> 0 | R31: =SUMIFS(ENG_Long!$O$2:$O$145,ENG_Long!$B$2:$B$145,$B31) -> 0 | S31: =SUMIFS(ENG_Long!$P$2:$P$145,ENG_Long!$B$2:$B$145,$B31) -> 0 | T31: =SUMIFS(ENG_Long!$K$2:$K$145,ENG_Long!$B$2:$B$145,$B31) -> 0 | U31: =SUMIFS(ENG_Long!$L$2:$L$145,ENG_Long!$B$2:$B$145,$B31) -> 0 | V31: =T31-U31 -> 0 | W31: =SUMIFS(ENG_Long!$Q$2:$Q$145,ENG_Long!$B$2:$B$145,$B31) -> 0 | X31: 0 | Y31: =W31*1000000+(V31+100)*1000+T31*10+X31*0.1+0.004 -> 100000 | Z31: =RANK(Y31,$Y$31:$Y$34,0) -> 1 | AA31: =CHOOSE(Z31,"1st","2nd","3rd","4th") -> 1st
A32: H | B32: Uruguay | C32: =SUMIFS(ENG_Long!$F$2:$F$145,ENG_Long!$B$2:$B$145,$B32) -> 3 | D32: =SUMIFS(ENG_Long!$G$2:$G$145,ENG_Long!$B$2:$B$145,$B32) -> 2 | E32: =SUMIFS(ENG_Long!$H$2:$H$145,ENG_Long!$B$2:$B$145,$B32) -> 0 | F32: =SUMIFS(ENG_Long!$I$2:$I$145,ENG_Long!$B$2:$B$145,$B32) -> 1 | G32: =SUMIFS(ENG_Long!$D$2:$D$145,ENG_Long!$B$2:$B$145,$B32) -> 6 | H32: =SUMIFS(ENG_Long!$E$2:$E$145,ENG_Long!$B$2:$B$145,$B32) -> 2 | I32: =G32-H32 -> 4 | J32: =SUMIFS(ENG_Long!$J$2:$J$145,ENG_Long!$B$2:$B$145,$B32) -> 6 | K32: 0 | L32: =J32*1000000+(I32+100)*1000+G32*10+K32*0.1+0.003 -> 6104060 | M32: =RANK(L32,$L$31:$L$34,0) -> 2 | N32: =CHOOSE(M32,"1st","2nd","3rd","4th") -> 2nd | P32: =SUMIFS(ENG_Long!$M$2:$M$145,ENG_Long!$B$2:$B$145,$B32) -> 0 | Q32: =SUMIFS(ENG_Long!$N$2:$N$145,ENG_Long!$B$2:$B$145,$B32) -> 0 | R32: =SUMIFS(ENG_Long!$O$2:$O$145,ENG_Long!$B$2:$B$145,$B32) -> 0 | S32: =SUMIFS(ENG_Long!$P$2:$P$145,ENG_Long!$B$2:$B$145,$B32) -> 0 | T32: =SUMIFS(ENG_Long!$K$2:$K$145,ENG_Long!$B$2:$B$145,$B32) -> 0 | U32: =SUMIFS(ENG_Long!$L$2:$L$145,ENG_Long!$B$2:$B$145,$B32) -> 0 | V32: =T32-U32 -> 0 | W32: =SUMIFS(ENG_Long!$Q$2:$Q$145,ENG_Long!$B$2:$B$145,$B32) -> 0 | X32: 0 | Y32: =W32*1000000+(V32+100)*1000+T32*10+X32*0.1+0.003 -> 100000 | Z32: =RANK(Y32,$Y$31:$Y$34,0) -> 2 | AA32: =CHOOSE(Z32,"1st","2nd","3rd","4th") -> 2nd
A33: H | B33: Saudi Arabia | C33: =SUMIFS(ENG_Long!$F$2:$F$145,ENG_Long!$B$2:$B$145,$B33) -> 3 | D33: =SUMIFS(ENG_Long!$G$2:$G$145,ENG_Long!$B$2:$B$145,$B33) -> 1 | E33: =SUMIFS(ENG_Long!$H$2:$H$145,ENG_Long!$B$2:$B$145,$B33) -> 0 | F33: =SUMIFS(ENG_Long!$I$2:$I$145,ENG_Long!$B$2:$B$145,$B33) -> 2 | G33: =SUMIFS(ENG_Long!$D$2:$D$145,ENG_Long!$B$2:$B$145,$B33) -> 3 | H33: =SUMIFS(ENG_Long!$E$2:$E$145,ENG_Long!$B$2:$B$145,$B33) -> 5 | I33: =G33-H33 -> -2 | J33: =SUMIFS(ENG_Long!$J$2:$J$145,ENG_Long!$B$2:$B$145,$B33) -> 3 | K33: 0 | L33: =J33*1000000+(I33+100)*1000+G33*10+K33*0.1+0.002 -> 3098030 | M33: =RANK(L33,$L$31:$L$34,0) -> 3 | N33: =CHOOSE(M33,"1st","2nd","3rd","4th") -> 3rd | P33: =SUMIFS(ENG_Long!$M$2:$M$145,ENG_Long!$B$2:$B$145,$B33) -> 0 | Q33: =SUMIFS(ENG_Long!$N$2:$N$145,ENG_Long!$B$2:$B$145,$B33) -> 0 | R33: =SUMIFS(ENG_Long!$O$2:$O$145,ENG_Long!$B$2:$B$145,$B33) -> 0 | S33: =SUMIFS(ENG_Long!$P$2:$P$145,ENG_Long!$B$2:$B$145,$B33) -> 0 | T33: =SUMIFS(ENG_Long!$K$2:$K$145,ENG_Long!$B$2:$B$145,$B33) -> 0 | U33: =SUMIFS(ENG_Long!$L$2:$L$145,ENG_Long!$B$2:$B$145,$B33) -> 0 | V33: =T33-U33 -> 0 | W33: =SUMIFS(ENG_Long!$Q$2:$Q$145,ENG_Long!$B$2:$B$145,$B33) -> 0 | X33: 0 | Y33: =W33*1000000+(V33+100)*1000+T33*10+X33*0.1+0.002 -> 100000 | Z33: =RANK(Y33,$Y$31:$Y$34,0) -> 3 | AA33: =CHOOSE(Z33,"1st","2nd","3rd","4th") -> 3rd
A34: H | B34: Cabo Verde | C34: =SUMIFS(ENG_Long!$F$2:$F$145,ENG_Long!$B$2:$B$145,$B34) -> 3 | D34: =SUMIFS(ENG_Long!$G$2:$G$145,ENG_Long!$B$2:$B$145,$B34) -> 0 | E34: =SUMIFS(ENG_Long!$H$2:$H$145,ENG_Long!$B$2:$B$145,$B34) -> 0 | F34: =SUMIFS(ENG_Long!$I$2:$I$145,ENG_Long!$B$2:$B$145,$B34) -> 3 | G34: =SUMIFS(ENG_Long!$D$2:$D$145,ENG_Long!$B$2:$B$145,$B34) -> 0 | H34: =SUMIFS(ENG_Long!$E$2:$E$145,ENG_Long!$B$2:$B$145,$B34) -> 9 | I34: =G34-H34 -> -9 | J34: =SUMIFS(ENG_Long!$J$2:$J$145,ENG_Long!$B$2:$B$145,$B34) -> 0 | K34: 0 | L34: =J34*1000000+(I34+100)*1000+G34*10+K34*0.1+0.001 -> 91000.001 | M34: =RANK(L34,$L$31:$L$34,0) -> 4 | N34: =CHOOSE(M34,"1st","2nd","3rd","4th") -> 4th | P34: =SUMIFS(ENG_Long!$M$2:$M$145,ENG_Long!$B$2:$B$145,$B34) -> 0 | Q34: =SUMIFS(ENG_Long!$N$2:$N$145,ENG_Long!$B$2:$B$145,$B34) -> 0 | R34: =SUMIFS(ENG_Long!$O$2:$O$145,ENG_Long!$B$2:$B$145,$B34) -> 0 | S34: =SUMIFS(ENG_Long!$P$2:$P$145,ENG_Long!$B$2:$B$145,$B34) -> 0 | T34: =SUMIFS(ENG_Long!$K$2:$K$145,ENG_Long!$B$2:$B$145,$B34) -> 0 | U34: =SUMIFS(ENG_Long!$L$2:$L$145,ENG_Long!$B$2:$B$145,$B34) -> 0 | V34: =T34-U34 -> 0 | W34: =SUMIFS(ENG_Long!$Q$2:$Q$145,ENG_Long!$B$2:$B$145,$B34) -> 0 | X34: 0 | Y34: =W34*1000000+(V34+100)*1000+T34*10+X34*0.1+0.001 -> 100000 | Z34: =RANK(Y34,$Y$31:$Y$34,0) -> 4 | AA34: =CHOOSE(Z34,"1st","2nd","3rd","4th") -> 4th
A35: I | B35: France | C35: =SUMIFS(ENG_Long!$F$2:$F$145,ENG_Long!$B$2:$B$145,$B35) -> 3 | D35: =SUMIFS(ENG_Long!$G$2:$G$145,ENG_Long!$B$2:$B$145,$B35) -> 3 | E35: =SUMIFS(ENG_Long!$H$2:$H$145,ENG_Long!$B$2:$B$145,$B35) -> 0 | F35: =SUMIFS(ENG_Long!$I$2:$I$145,ENG_Long!$B$2:$B$145,$B35) -> 0 | G35: =SUMIFS(ENG_Long!$D$2:$D$145,ENG_Long!$B$2:$B$145,$B35) -> 8 | H35: =SUMIFS(ENG_Long!$E$2:$E$145,ENG_Long!$B$2:$B$145,$B35) -> 1 | I35: =G35-H35 -> 7 | J35: =SUMIFS(ENG_Long!$J$2:$J$145,ENG_Long!$B$2:$B$145,$B35) -> 9 | K35: 0 | L35: =J35*1000000+(I35+100)*1000+G35*10+K35*0.1+0.004 -> 9107080 | M35: =RANK(L35,$L$35:$L$38,0) -> 1 | N35: =CHOOSE(M35,"1st","2nd","3rd","4th") -> 1st | P35: =SUMIFS(ENG_Long!$M$2:$M$145,ENG_Long!$B$2:$B$145,$B35) -> 0 | Q35: =SUMIFS(ENG_Long!$N$2:$N$145,ENG_Long!$B$2:$B$145,$B35) -> 0 | R35: =SUMIFS(ENG_Long!$O$2:$O$145,ENG_Long!$B$2:$B$145,$B35) -> 0 | S35: =SUMIFS(ENG_Long!$P$2:$P$145,ENG_Long!$B$2:$B$145,$B35) -> 0 | T35: =SUMIFS(ENG_Long!$K$2:$K$145,ENG_Long!$B$2:$B$145,$B35) -> 0 | U35: =SUMIFS(ENG_Long!$L$2:$L$145,ENG_Long!$B$2:$B$145,$B35) -> 0 | V35: =T35-U35 -> 0 | W35: =SUMIFS(ENG_Long!$Q$2:$Q$145,ENG_Long!$B$2:$B$145,$B35) -> 0 | X35: 0 | Y35: =W35*1000000+(V35+100)*1000+T35*10+X35*0.1+0.004 -> 100000 | Z35: =RANK(Y35,$Y$35:$Y$38,0) -> 1 | AA35: =CHOOSE(Z35,"1st","2nd","3rd","4th") -> 1st
A36: I | B36: Senegal | C36: =SUMIFS(ENG_Long!$F$2:$F$145,ENG_Long!$B$2:$B$145,$B36) -> 3 | D36: =SUMIFS(ENG_Long!$G$2:$G$145,ENG_Long!$B$2:$B$145,$B36) -> 1 | E36: =SUMIFS(ENG_Long!$H$2:$H$145,ENG_Long!$B$2:$B$145,$B36) -> 0 | F36: =SUMIFS(ENG_Long!$I$2:$I$145,ENG_Long!$B$2:$B$145,$B36) -> 2 | G36: =SUMIFS(ENG_Long!$D$2:$D$145,ENG_Long!$B$2:$B$145,$B36) -> 2 | H36: =SUMIFS(ENG_Long!$E$2:$E$145,ENG_Long!$B$2:$B$145,$B36) -> 5 | I36: =G36-H36 -> -3 | J36: =SUMIFS(ENG_Long!$J$2:$J$145,ENG_Long!$B$2:$B$145,$B36) -> 3 | K36: 0 | L36: =J36*1000000+(I36+100)*1000+G36*10+K36*0.1+0.003 -> 3097020 | M36: =RANK(L36,$L$35:$L$38,0) -> 3 | N36: =CHOOSE(M36,"1st","2nd","3rd","4th") -> 3rd | P36: =SUMIFS(ENG_Long!$M$2:$M$145,ENG_Long!$B$2:$B$145,$B36) -> 0 | Q36: =SUMIFS(ENG_Long!$N$2:$N$145,ENG_Long!$B$2:$B$145,$B36) -> 0 | R36: =SUMIFS(ENG_Long!$O$2:$O$145,ENG_Long!$B$2:$B$145,$B36) -> 0 | S36: =SUMIFS(ENG_Long!$P$2:$P$145,ENG_Long!$B$2:$B$145,$B36) -> 0 | T36: =SUMIFS(ENG_Long!$K$2:$K$145,ENG_Long!$B$2:$B$145,$B36) -> 0 | U36: =SUMIFS(ENG_Long!$L$2:$L$145,ENG_Long!$B$2:$B$145,$B36) -> 0 | V36: =T36-U36 -> 0 | W36: =SUMIFS(ENG_Long!$Q$2:$Q$145,ENG_Long!$B$2:$B$145,$B36) -> 0 | X36: 0 | Y36: =W36*1000000+(V36+100)*1000+T36*10+X36*0.1+0.003 -> 100000 | Z36: =RANK(Y36,$Y$35:$Y$38,0) -> 2 | AA36: =CHOOSE(Z36,"1st","2nd","3rd","4th") -> 2nd
A37: I | B37: Norway | C37: =SUMIFS(ENG_Long!$F$2:$F$145,ENG_Long!$B$2:$B$145,$B37) -> 3 | D37: =SUMIFS(ENG_Long!$G$2:$G$145,ENG_Long!$B$2:$B$145,$B37) -> 2 | E37: =SUMIFS(ENG_Long!$H$2:$H$145,ENG_Long!$B$2:$B$145,$B37) -> 0 | F37: =SUMIFS(ENG_Long!$I$2:$I$145,ENG_Long!$B$2:$B$145,$B37) -> 1 | G37: =SUMIFS(ENG_Long!$D$2:$D$145,ENG_Long!$B$2:$B$145,$B37) -> 5 | H37: =SUMIFS(ENG_Long!$E$2:$E$145,ENG_Long!$B$2:$B$145,$B37) -> 3 | I37: =G37-H37 -> 2 | J37: =SUMIFS(ENG_Long!$J$2:$J$145,ENG_Long!$B$2:$B$145,$B37) -> 6 | K37: 0 | L37: =J37*1000000+(I37+100)*1000+G37*10+K37*0.1+0.002 -> 6102050 | M37: =RANK(L37,$L$35:$L$38,0) -> 2 | N37: =CHOOSE(M37,"1st","2nd","3rd","4th") -> 2nd | P37: =SUMIFS(ENG_Long!$M$2:$M$145,ENG_Long!$B$2:$B$145,$B37) -> 0 | Q37: =SUMIFS(ENG_Long!$N$2:$N$145,ENG_Long!$B$2:$B$145,$B37) -> 0 | R37: =SUMIFS(ENG_Long!$O$2:$O$145,ENG_Long!$B$2:$B$145,$B37) -> 0 | S37: =SUMIFS(ENG_Long!$P$2:$P$145,ENG_Long!$B$2:$B$145,$B37) -> 0 | T37: =SUMIFS(ENG_Long!$K$2:$K$145,ENG_Long!$B$2:$B$145,$B37) -> 0 | U37: =SUMIFS(ENG_Long!$L$2:$L$145,ENG_Long!$B$2:$B$145,$B37) -> 0 | V37: =T37-U37 -> 0 | W37: =SUMIFS(ENG_Long!$Q$2:$Q$145,ENG_Long!$B$2:$B$145,$B37) -> 0 | X37: 0 | Y37: =W37*1000000+(V37+100)*1000+T37*10+X37*0.1+0.002 -> 100000 | Z37: =RANK(Y37,$Y$35:$Y$38,0) -> 3 | AA37: =CHOOSE(Z37,"1st","2nd","3rd","4th") -> 3rd
A38: I | B38: Iraq | C38: =SUMIFS(ENG_Long!$F$2:$F$145,ENG_Long!$B$2:$B$145,$B38) -> 3 | D38: =SUMIFS(ENG_Long!$G$2:$G$145,ENG_Long!$B$2:$B$145,$B38) -> 0 | E38: =SUMIFS(ENG_Long!$H$2:$H$145,ENG_Long!$B$2:$B$145,$B38) -> 0 | F38: =SUMIFS(ENG_Long!$I$2:$I$145,ENG_Long!$B$2:$B$145,$B38) -> 3 | G38: =SUMIFS(ENG_Long!$D$2:$D$145,ENG_Long!$B$2:$B$145,$B38) -> 0 | H38: =SUMIFS(ENG_Long!$E$2:$E$145,ENG_Long!$B$2:$B$145,$B38) -> 6 | I38: =G38-H38 -> -6 | J38: =SUMIFS(ENG_Long!$J$2:$J$145,ENG_Long!$B$2:$B$145,$B38) -> 0 | K38: 0 | L38: =J38*1000000+(I38+100)*1000+G38*10+K38*0.1+0.001 -> 94000.001 | M38: =RANK(L38,$L$35:$L$38,0) -> 4 | N38: =CHOOSE(M38,"1st","2nd","3rd","4th") -> 4th | P38: =SUMIFS(ENG_Long!$M$2:$M$145,ENG_Long!$B$2:$B$145,$B38) -> 0 | Q38: =SUMIFS(ENG_Long!$N$2:$N$145,ENG_Long!$B$2:$B$145,$B38) -> 0 | R38: =SUMIFS(ENG_Long!$O$2:$O$145,ENG_Long!$B$2:$B$145,$B38) -> 0 | S38: =SUMIFS(ENG_Long!$P$2:$P$145,ENG_Long!$B$2:$B$145,$B38) -> 0 | T38: =SUMIFS(ENG_Long!$K$2:$K$145,ENG_Long!$B$2:$B$145,$B38) -> 0 | U38: =SUMIFS(ENG_Long!$L$2:$L$145,ENG_Long!$B$2:$B$145,$B38) -> 0 | V38: =T38-U38 -> 0 | W38: =SUMIFS(ENG_Long!$Q$2:$Q$145,ENG_Long!$B$2:$B$145,$B38) -> 0 | X38: 0 | Y38: =W38*1000000+(V38+100)*1000+T38*10+X38*0.1+0.001 -> 100000 | Z38: =RANK(Y38,$Y$35:$Y$38,0) -> 4 | AA38: =CHOOSE(Z38,"1st","2nd","3rd","4th") -> 4th
A39: J | B39: Argentina | C39: =SUMIFS(ENG_Long!$F$2:$F$145,ENG_Long!$B$2:$B$145,$B39) -> 3 | D39: =SUMIFS(ENG_Long!$G$2:$G$145,ENG_Long!$B$2:$B$145,$B39) -> 3 | E39: =SUMIFS(ENG_Long!$H$2:$H$145,ENG_Long!$B$2:$B$145,$B39) -> 0 | F39: =SUMIFS(ENG_Long!$I$2:$I$145,ENG_Long!$B$2:$B$145,$B39) -> 0 | G39: =SUMIFS(ENG_Long!$D$2:$D$145,ENG_Long!$B$2:$B$145,$B39) -> 7 | H39: =SUMIFS(ENG_Long!$E$2:$E$145,ENG_Long!$B$2:$B$145,$B39) -> 1 | I39: =G39-H39 -> 6 | J39: =SUMIFS(ENG_Long!$J$2:$J$145,ENG_Long!$B$2:$B$145,$B39) -> 9 | K39: 0 | L39: =J39*1000000+(I39+100)*1000+G39*10+K39*0.1+0.004 -> 9106070 | M39: =RANK(L39,$L$39:$L$42,0) -> 1 | N39: =CHOOSE(M39,"1st","2nd","3rd","4th") -> 1st | P39: =SUMIFS(ENG_Long!$M$2:$M$145,ENG_Long!$B$2:$B$145,$B39) -> 0 | Q39: =SUMIFS(ENG_Long!$N$2:$N$145,ENG_Long!$B$2:$B$145,$B39) -> 0 | R39: =SUMIFS(ENG_Long!$O$2:$O$145,ENG_Long!$B$2:$B$145,$B39) -> 0 | S39: =SUMIFS(ENG_Long!$P$2:$P$145,ENG_Long!$B$2:$B$145,$B39) -> 0 | T39: =SUMIFS(ENG_Long!$K$2:$K$145,ENG_Long!$B$2:$B$145,$B39) -> 0 | U39: =SUMIFS(ENG_Long!$L$2:$L$145,ENG_Long!$B$2:$B$145,$B39) -> 0 | V39: =T39-U39 -> 0 | W39: =SUMIFS(ENG_Long!$Q$2:$Q$145,ENG_Long!$B$2:$B$145,$B39) -> 0 | X39: 0 | Y39: =W39*1000000+(V39+100)*1000+T39*10+X39*0.1+0.004 -> 100000 | Z39: =RANK(Y39,$Y$39:$Y$42,0) -> 1 | AA39: =CHOOSE(Z39,"1st","2nd","3rd","4th") -> 1st
A40: J | B40: Austria | C40: =SUMIFS(ENG_Long!$F$2:$F$145,ENG_Long!$B$2:$B$145,$B40) -> 3 | D40: =SUMIFS(ENG_Long!$G$2:$G$145,ENG_Long!$B$2:$B$145,$B40) -> 2 | E40: =SUMIFS(ENG_Long!$H$2:$H$145,ENG_Long!$B$2:$B$145,$B40) -> 0 | F40: =SUMIFS(ENG_Long!$I$2:$I$145,ENG_Long!$B$2:$B$145,$B40) -> 1 | G40: =SUMIFS(ENG_Long!$D$2:$D$145,ENG_Long!$B$2:$B$145,$B40) -> 4 | H40: =SUMIFS(ENG_Long!$E$2:$E$145,ENG_Long!$B$2:$B$145,$B40) -> 3 | I40: =G40-H40 -> 1 | J40: =SUMIFS(ENG_Long!$J$2:$J$145,ENG_Long!$B$2:$B$145,$B40) -> 6 | K40: 0 | L40: =J40*1000000+(I40+100)*1000+G40*10+K40*0.1+0.003 -> 6101040 | M40: =RANK(L40,$L$39:$L$42,0) -> 2 | N40: =CHOOSE(M40,"1st","2nd","3rd","4th") -> 2nd | P40: =SUMIFS(ENG_Long!$M$2:$M$145,ENG_Long!$B$2:$B$145,$B40) -> 0 | Q40: =SUMIFS(ENG_Long!$N$2:$N$145,ENG_Long!$B$2:$B$145,$B40) -> 0 | R40: =SUMIFS(ENG_Long!$O$2:$O$145,ENG_Long!$B$2:$B$145,$B40) -> 0 | S40: =SUMIFS(ENG_Long!$P$2:$P$145,ENG_Long!$B$2:$B$145,$B40) -> 0 | T40: =SUMIFS(ENG_Long!$K$2:$K$145,ENG_Long!$B$2:$B$145,$B40) -> 0 | U40: =SUMIFS(ENG_Long!$L$2:$L$145,ENG_Long!$B$2:$B$145,$B40) -> 0 | V40: =T40-U40 -> 0 | W40: =SUMIFS(ENG_Long!$Q$2:$Q$145,ENG_Long!$B$2:$B$145,$B40) -> 0 | X40: 0 | Y40: =W40*1000000+(V40+100)*1000+T40*10+X40*0.1+0.003 -> 100000 | Z40: =RANK(Y40,$Y$39:$Y$42,0) -> 2 | AA40: =CHOOSE(Z40,"1st","2nd","3rd","4th") -> 2nd
A41: J | B41: Algeria | C41: =SUMIFS(ENG_Long!$F$2:$F$145,ENG_Long!$B$2:$B$145,$B41) -> 3 | D41: =SUMIFS(ENG_Long!$G$2:$G$145,ENG_Long!$B$2:$B$145,$B41) -> 0 | E41: =SUMIFS(ENG_Long!$H$2:$H$145,ENG_Long!$B$2:$B$145,$B41) -> 1 | F41: =SUMIFS(ENG_Long!$I$2:$I$145,ENG_Long!$B$2:$B$145,$B41) -> 2 | G41: =SUMIFS(ENG_Long!$D$2:$D$145,ENG_Long!$B$2:$B$145,$B41) -> 3 | H41: =SUMIFS(ENG_Long!$E$2:$E$145,ENG_Long!$B$2:$B$145,$B41) -> 6 | I41: =G41-H41 -> -3 | J41: =SUMIFS(ENG_Long!$J$2:$J$145,ENG_Long!$B$2:$B$145,$B41) -> 1 | K41: 0 | L41: =J41*1000000+(I41+100)*1000+G41*10+K41*0.1+0.002 -> 1097030 | M41: =RANK(L41,$L$39:$L$42,0) -> 3 | N41: =CHOOSE(M41,"1st","2nd","3rd","4th") -> 3rd | P41: =SUMIFS(ENG_Long!$M$2:$M$145,ENG_Long!$B$2:$B$145,$B41) -> 0 | Q41: =SUMIFS(ENG_Long!$N$2:$N$145,ENG_Long!$B$2:$B$145,$B41) -> 0 | R41: =SUMIFS(ENG_Long!$O$2:$O$145,ENG_Long!$B$2:$B$145,$B41) -> 0 | S41: =SUMIFS(ENG_Long!$P$2:$P$145,ENG_Long!$B$2:$B$145,$B41) -> 0 | T41: =SUMIFS(ENG_Long!$K$2:$K$145,ENG_Long!$B$2:$B$145,$B41) -> 0 | U41: =SUMIFS(ENG_Long!$L$2:$L$145,ENG_Long!$B$2:$B$145,$B41) -> 0 | V41: =T41-U41 -> 0 | W41: =SUMIFS(ENG_Long!$Q$2:$Q$145,ENG_Long!$B$2:$B$145,$B41) -> 0 | X41: 0 | Y41: =W41*1000000+(V41+100)*1000+T41*10+X41*0.1+0.002 -> 100000 | Z41: =RANK(Y41,$Y$39:$Y$42,0) -> 3 | AA41: =CHOOSE(Z41,"1st","2nd","3rd","4th") -> 3rd
A42: J | B42: Jordan | C42: =SUMIFS(ENG_Long!$F$2:$F$145,ENG_Long!$B$2:$B$145,$B42) -> 3 | D42: =SUMIFS(ENG_Long!$G$2:$G$145,ENG_Long!$B$2:$B$145,$B42) -> 0 | E42: =SUMIFS(ENG_Long!$H$2:$H$145,ENG_Long!$B$2:$B$145,$B42) -> 1 | F42: =SUMIFS(ENG_Long!$I$2:$I$145,ENG_Long!$B$2:$B$145,$B42) -> 2 | G42: =SUMIFS(ENG_Long!$D$2:$D$145,ENG_Long!$B$2:$B$145,$B42) -> 2 | H42: =SUMIFS(ENG_Long!$E$2:$E$145,ENG_Long!$B$2:$B$145,$B42) -> 6 | I42: =G42-H42 -> -4 | J42: =SUMIFS(ENG_Long!$J$2:$J$145,ENG_Long!$B$2:$B$145,$B42) -> 1 | K42: 0 | L42: =J42*1000000+(I42+100)*1000+G42*10+K42*0.1+0.001 -> 1096020 | M42: =RANK(L42,$L$39:$L$42,0) -> 4 | N42: =CHOOSE(M42,"1st","2nd","3rd","4th") -> 4th | P42: =SUMIFS(ENG_Long!$M$2:$M$145,ENG_Long!$B$2:$B$145,$B42) -> 0 | Q42: =SUMIFS(ENG_Long!$N$2:$N$145,ENG_Long!$B$2:$B$145,$B42) -> 0 | R42: =SUMIFS(ENG_Long!$O$2:$O$145,ENG_Long!$B$2:$B$145,$B42) -> 0 | S42: =SUMIFS(ENG_Long!$P$2:$P$145,ENG_Long!$B$2:$B$145,$B42) -> 0 | T42: =SUMIFS(ENG_Long!$K$2:$K$145,ENG_Long!$B$2:$B$145,$B42) -> 0 | U42: =SUMIFS(ENG_Long!$L$2:$L$145,ENG_Long!$B$2:$B$145,$B42) -> 0 | V42: =T42-U42 -> 0 | W42: =SUMIFS(ENG_Long!$Q$2:$Q$145,ENG_Long!$B$2:$B$145,$B42) -> 0 | X42: 0 | Y42: =W42*1000000+(V42+100)*1000+T42*10+X42*0.1+0.001 -> 100000 | Z42: =RANK(Y42,$Y$39:$Y$42,0) -> 4 | AA42: =CHOOSE(Z42,"1st","2nd","3rd","4th") -> 4th
A43: K | B43: Portugal | C43: =SUMIFS(ENG_Long!$F$2:$F$145,ENG_Long!$B$2:$B$145,$B43) -> 3 | D43: =SUMIFS(ENG_Long!$G$2:$G$145,ENG_Long!$B$2:$B$145,$B43) -> 3 | E43: =SUMIFS(ENG_Long!$H$2:$H$145,ENG_Long!$B$2:$B$145,$B43) -> 0 | F43: =SUMIFS(ENG_Long!$I$2:$I$145,ENG_Long!$B$2:$B$145,$B43) -> 0 | G43: =SUMIFS(ENG_Long!$D$2:$D$145,ENG_Long!$B$2:$B$145,$B43) -> 7 | H43: =SUMIFS(ENG_Long!$E$2:$E$145,ENG_Long!$B$2:$B$145,$B43) -> 2 | I43: =G43-H43 -> 5 | J43: =SUMIFS(ENG_Long!$J$2:$J$145,ENG_Long!$B$2:$B$145,$B43) -> 9 | K43: 0 | L43: =J43*1000000+(I43+100)*1000+G43*10+K43*0.1+0.004 -> 9105070 | M43: =RANK(L43,$L$43:$L$46,0) -> 1 | N43: =CHOOSE(M43,"1st","2nd","3rd","4th") -> 1st | P43: =SUMIFS(ENG_Long!$M$2:$M$145,ENG_Long!$B$2:$B$145,$B43) -> 0 | Q43: =SUMIFS(ENG_Long!$N$2:$N$145,ENG_Long!$B$2:$B$145,$B43) -> 0 | R43: =SUMIFS(ENG_Long!$O$2:$O$145,ENG_Long!$B$2:$B$145,$B43) -> 0 | S43: =SUMIFS(ENG_Long!$P$2:$P$145,ENG_Long!$B$2:$B$145,$B43) -> 0 | T43: =SUMIFS(ENG_Long!$K$2:$K$145,ENG_Long!$B$2:$B$145,$B43) -> 0 | U43: =SUMIFS(ENG_Long!$L$2:$L$145,ENG_Long!$B$2:$B$145,$B43) -> 0 | V43: =T43-U43 -> 0 | W43: =SUMIFS(ENG_Long!$Q$2:$Q$145,ENG_Long!$B$2:$B$145,$B43) -> 0 | X43: 0 | Y43: =W43*1000000+(V43+100)*1000+T43*10+X43*0.1+0.004 -> 100000 | Z43: =RANK(Y43,$Y$43:$Y$46,0) -> 1 | AA43: =CHOOSE(Z43,"1st","2nd","3rd","4th") -> 1st
A44: K | B44: Colombia | C44: =SUMIFS(ENG_Long!$F$2:$F$145,ENG_Long!$B$2:$B$145,$B44) -> 3 | D44: =SUMIFS(ENG_Long!$G$2:$G$145,ENG_Long!$B$2:$B$145,$B44) -> 2 | E44: =SUMIFS(ENG_Long!$H$2:$H$145,ENG_Long!$B$2:$B$145,$B44) -> 0 | F44: =SUMIFS(ENG_Long!$I$2:$I$145,ENG_Long!$B$2:$B$145,$B44) -> 1 | G44: =SUMIFS(ENG_Long!$D$2:$D$145,ENG_Long!$B$2:$B$145,$B44) -> 5 | H44: =SUMIFS(ENG_Long!$E$2:$E$145,ENG_Long!$B$2:$B$145,$B44) -> 2 | I44: =G44-H44 -> 3 | J44: =SUMIFS(ENG_Long!$J$2:$J$145,ENG_Long!$B$2:$B$145,$B44) -> 6 | K44: 0 | L44: =J44*1000000+(I44+100)*1000+G44*10+K44*0.1+0.003 -> 6103050 | M44: =RANK(L44,$L$43:$L$46,0) -> 2 | N44: =CHOOSE(M44,"1st","2nd","3rd","4th") -> 2nd | P44: =SUMIFS(ENG_Long!$M$2:$M$145,ENG_Long!$B$2:$B$145,$B44) -> 0 | Q44: =SUMIFS(ENG_Long!$N$2:$N$145,ENG_Long!$B$2:$B$145,$B44) -> 0 | R44: =SUMIFS(ENG_Long!$O$2:$O$145,ENG_Long!$B$2:$B$145,$B44) -> 0 | S44: =SUMIFS(ENG_Long!$P$2:$P$145,ENG_Long!$B$2:$B$145,$B44) -> 0 | T44: =SUMIFS(ENG_Long!$K$2:$K$145,ENG_Long!$B$2:$B$145,$B44) -> 0 | U44: =SUMIFS(ENG_Long!$L$2:$L$145,ENG_Long!$B$2:$B$145,$B44) -> 0 | V44: =T44-U44 -> 0 | W44: =SUMIFS(ENG_Long!$Q$2:$Q$145,ENG_Long!$B$2:$B$145,$B44) -> 0 | X44: 0 | Y44: =W44*1000000+(V44+100)*1000+T44*10+X44*0.1+0.003 -> 100000 | Z44: =RANK(Y44,$Y$43:$Y$46,0) -> 2 | AA44: =CHOOSE(Z44,"1st","2nd","3rd","4th") -> 2nd
A45: K | B45: Uzbekistan | C45: =SUMIFS(ENG_Long!$F$2:$F$145,ENG_Long!$B$2:$B$145,$B45) -> 3 | D45: =SUMIFS(ENG_Long!$G$2:$G$145,ENG_Long!$B$2:$B$145,$B45) -> 0 | E45: =SUMIFS(ENG_Long!$H$2:$H$145,ENG_Long!$B$2:$B$145,$B45) -> 0 | F45: =SUMIFS(ENG_Long!$I$2:$I$145,ENG_Long!$B$2:$B$145,$B45) -> 3 | G45: =SUMIFS(ENG_Long!$D$2:$D$145,ENG_Long!$B$2:$B$145,$B45) -> 1 | H45: =SUMIFS(ENG_Long!$E$2:$E$145,ENG_Long!$B$2:$B$145,$B45) -> 8 | I45: =G45-H45 -> -7 | J45: =SUMIFS(ENG_Long!$J$2:$J$145,ENG_Long!$B$2:$B$145,$B45) -> 0 | K45: 0 | L45: =J45*1000000+(I45+100)*1000+G45*10+K45*0.1+0.002 -> 93010.002 | M45: =RANK(L45,$L$43:$L$46,0) -> 4 | N45: =CHOOSE(M45,"1st","2nd","3rd","4th") -> 4th | P45: =SUMIFS(ENG_Long!$M$2:$M$145,ENG_Long!$B$2:$B$145,$B45) -> 0 | Q45: =SUMIFS(ENG_Long!$N$2:$N$145,ENG_Long!$B$2:$B$145,$B45) -> 0 | R45: =SUMIFS(ENG_Long!$O$2:$O$145,ENG_Long!$B$2:$B$145,$B45) -> 0 | S45: =SUMIFS(ENG_Long!$P$2:$P$145,ENG_Long!$B$2:$B$145,$B45) -> 0 | T45: =SUMIFS(ENG_Long!$K$2:$K$145,ENG_Long!$B$2:$B$145,$B45) -> 0 | U45: =SUMIFS(ENG_Long!$L$2:$L$145,ENG_Long!$B$2:$B$145,$B45) -> 0 | V45: =T45-U45 -> 0 | W45: =SUMIFS(ENG_Long!$Q$2:$Q$145,ENG_Long!$B$2:$B$145,$B45) -> 0 | X45: 0 | Y45: =W45*1000000+(V45+100)*1000+T45*10+X45*0.1+0.002 -> 100000 | Z45: =RANK(Y45,$Y$43:$Y$46,0) -> 3 | AA45: =CHOOSE(Z45,"1st","2nd","3rd","4th") -> 3rd
A46: K | B46: DR Congo | C46: =SUMIFS(ENG_Long!$F$2:$F$145,ENG_Long!$B$2:$B$145,$B46) -> 3 | D46: =SUMIFS(ENG_Long!$G$2:$G$145,ENG_Long!$B$2:$B$145,$B46) -> 1 | E46: =SUMIFS(ENG_Long!$H$2:$H$145,ENG_Long!$B$2:$B$145,$B46) -> 0 | F46: =SUMIFS(ENG_Long!$I$2:$I$145,ENG_Long!$B$2:$B$145,$B46) -> 2 | G46: =SUMIFS(ENG_Long!$D$2:$D$145,ENG_Long!$B$2:$B$145,$B46) -> 3 | H46: =SUMIFS(ENG_Long!$E$2:$E$145,ENG_Long!$B$2:$B$145,$B46) -> 4 | I46: =G46-H46 -> -1 | J46: =SUMIFS(ENG_Long!$J$2:$J$145,ENG_Long!$B$2:$B$145,$B46) -> 3 | K46: 0 | L46: =J46*1000000+(I46+100)*1000+G46*10+K46*0.1+0.001 -> 3099030 | M46: =RANK(L46,$L$43:$L$46,0) -> 3 | N46: =CHOOSE(M46,"1st","2nd","3rd","4th") -> 3rd | P46: =SUMIFS(ENG_Long!$M$2:$M$145,ENG_Long!$B$2:$B$145,$B46) -> 0 | Q46: =SUMIFS(ENG_Long!$N$2:$N$145,ENG_Long!$B$2:$B$145,$B46) -> 0 | R46: =SUMIFS(ENG_Long!$O$2:$O$145,ENG_Long!$B$2:$B$145,$B46) -> 0 | S46: =SUMIFS(ENG_Long!$P$2:$P$145,ENG_Long!$B$2:$B$145,$B46) -> 0 | T46: =SUMIFS(ENG_Long!$K$2:$K$145,ENG_Long!$B$2:$B$145,$B46) -> 0 | U46: =SUMIFS(ENG_Long!$L$2:$L$145,ENG_Long!$B$2:$B$145,$B46) -> 0 | V46: =T46-U46 -> 0 | W46: =SUMIFS(ENG_Long!$Q$2:$Q$145,ENG_Long!$B$2:$B$145,$B46) -> 0 | X46: 0 | Y46: =W46*1000000+(V46+100)*1000+T46*10+X46*0.1+0.001 -> 100000 | Z46: =RANK(Y46,$Y$43:$Y$46,0) -> 4 | AA46: =CHOOSE(Z46,"1st","2nd","3rd","4th") -> 4th
A47: L | B47: England | C47: =SUMIFS(ENG_Long!$F$2:$F$145,ENG_Long!$B$2:$B$145,$B47) -> 3 | D47: =SUMIFS(ENG_Long!$G$2:$G$145,ENG_Long!$B$2:$B$145,$B47) -> 2 | E47: =SUMIFS(ENG_Long!$H$2:$H$145,ENG_Long!$B$2:$B$145,$B47) -> 1 | F47: =SUMIFS(ENG_Long!$I$2:$I$145,ENG_Long!$B$2:$B$145,$B47) -> 0 | G47: =SUMIFS(ENG_Long!$D$2:$D$145,ENG_Long!$B$2:$B$145,$B47) -> 5 | H47: =SUMIFS(ENG_Long!$E$2:$E$145,ENG_Long!$B$2:$B$145,$B47) -> 2 | I47: =G47-H47 -> 3 | J47: =SUMIFS(ENG_Long!$J$2:$J$145,ENG_Long!$B$2:$B$145,$B47) -> 7 | K47: 0 | L47: =J47*1000000+(I47+100)*1000+G47*10+K47*0.1+0.004 -> 7103050 | M47: =RANK(L47,$L$47:$L$50,0) -> 1 | N47: =CHOOSE(M47,"1st","2nd","3rd","4th") -> 1st | P47: =SUMIFS(ENG_Long!$M$2:$M$145,ENG_Long!$B$2:$B$145,$B47) -> 0 | Q47: =SUMIFS(ENG_Long!$N$2:$N$145,ENG_Long!$B$2:$B$145,$B47) -> 0 | R47: =SUMIFS(ENG_Long!$O$2:$O$145,ENG_Long!$B$2:$B$145,$B47) -> 0 | S47: =SUMIFS(ENG_Long!$P$2:$P$145,ENG_Long!$B$2:$B$145,$B47) -> 0 | T47: =SUMIFS(ENG_Long!$K$2:$K$145,ENG_Long!$B$2:$B$145,$B47) -> 0 | U47: =SUMIFS(ENG_Long!$L$2:$L$145,ENG_Long!$B$2:$B$145,$B47) -> 0 | V47: =T47-U47 -> 0 | W47: =SUMIFS(ENG_Long!$Q$2:$Q$145,ENG_Long!$B$2:$B$145,$B47) -> 0 | X47: 0 | Y47: =W47*1000000+(V47+100)*1000+T47*10+X47*0.1+0.004 -> 100000 | Z47: =RANK(Y47,$Y$47:$Y$50,0) -> 1 | AA47: =CHOOSE(Z47,"1st","2nd","3rd","4th") -> 1st
A48: L | B48: Croatia | C48: =SUMIFS(ENG_Long!$F$2:$F$145,ENG_Long!$B$2:$B$145,$B48) -> 3 | D48: =SUMIFS(ENG_Long!$G$2:$G$145,ENG_Long!$B$2:$B$145,$B48) -> 2 | E48: =SUMIFS(ENG_Long!$H$2:$H$145,ENG_Long!$B$2:$B$145,$B48) -> 1 | F48: =SUMIFS(ENG_Long!$I$2:$I$145,ENG_Long!$B$2:$B$145,$B48) -> 0 | G48: =SUMIFS(ENG_Long!$D$2:$D$145,ENG_Long!$B$2:$B$145,$B48) -> 5 | H48: =SUMIFS(ENG_Long!$E$2:$E$145,ENG_Long!$B$2:$B$145,$B48) -> 2 | I48: =G48-H48 -> 3 | J48: =SUMIFS(ENG_Long!$J$2:$J$145,ENG_Long!$B$2:$B$145,$B48) -> 7 | K48: 0 | L48: =J48*1000000+(I48+100)*1000+G48*10+K48*0.1+0.003 -> 7103050 | M48: =RANK(L48,$L$47:$L$50,0) -> 2 | N48: =CHOOSE(M48,"1st","2nd","3rd","4th") -> 2nd | P48: =SUMIFS(ENG_Long!$M$2:$M$145,ENG_Long!$B$2:$B$145,$B48) -> 0 | Q48: =SUMIFS(ENG_Long!$N$2:$N$145,ENG_Long!$B$2:$B$145,$B48) -> 0 | R48: =SUMIFS(ENG_Long!$O$2:$O$145,ENG_Long!$B$2:$B$145,$B48) -> 0 | S48: =SUMIFS(ENG_Long!$P$2:$P$145,ENG_Long!$B$2:$B$145,$B48) -> 0 | T48: =SUMIFS(ENG_Long!$K$2:$K$145,ENG_Long!$B$2:$B$145,$B48) -> 0 | U48: =SUMIFS(ENG_Long!$L$2:$L$145,ENG_Long!$B$2:$B$145,$B48) -> 0 | V48: =T48-U48 -> 0 | W48: =SUMIFS(ENG_Long!$Q$2:$Q$145,ENG_Long!$B$2:$B$145,$B48) -> 0 | X48: 0 | Y48: =W48*1000000+(V48+100)*1000+T48*10+X48*0.1+0.003 -> 100000 | Z48: =RANK(Y48,$Y$47:$Y$50,0) -> 2 | AA48: =CHOOSE(Z48,"1st","2nd","3rd","4th") -> 2nd
A49: L | B49: Panama | C49: =SUMIFS(ENG_Long!$F$2:$F$145,ENG_Long!$B$2:$B$145,$B49) -> 3 | D49: =SUMIFS(ENG_Long!$G$2:$G$145,ENG_Long!$B$2:$B$145,$B49) -> 0 | E49: =SUMIFS(ENG_Long!$H$2:$H$145,ENG_Long!$B$2:$B$145,$B49) -> 0 | F49: =SUMIFS(ENG_Long!$I$2:$I$145,ENG_Long!$B$2:$B$145,$B49) -> 3 | G49: =SUMIFS(ENG_Long!$D$2:$D$145,ENG_Long!$B$2:$B$145,$B49) -> 0 | H49: =SUMIFS(ENG_Long!$E$2:$E$145,ENG_Long!$B$2:$B$145,$B49) -> 6 | I49: =G49-H49 -> -6 | J49: =SUMIFS(ENG_Long!$J$2:$J$145,ENG_Long!$B$2:$B$145,$B49) -> 0 | K49: 0 | L49: =J49*1000000+(I49+100)*1000+G49*10+K49*0.1+0.002 -> 94000.002 | M49: =RANK(L49,$L$47:$L$50,0) -> 4 | N49: =CHOOSE(M49,"1st","2nd","3rd","4th") -> 4th | P49: =SUMIFS(ENG_Long!$M$2:$M$145,ENG_Long!$B$2:$B$145,$B49) -> 0 | Q49: =SUMIFS(ENG_Long!$N$2:$N$145,ENG_Long!$B$2:$B$145,$B49) -> 0 | R49: =SUMIFS(ENG_Long!$O$2:$O$145,ENG_Long!$B$2:$B$145,$B49) -> 0 | S49: =SUMIFS(ENG_Long!$P$2:$P$145,ENG_Long!$B$2:$B$145,$B49) -> 0 | T49: =SUMIFS(ENG_Long!$K$2:$K$145,ENG_Long!$B$2:$B$145,$B49) -> 0 | U49: =SUMIFS(ENG_Long!$L$2:$L$145,ENG_Long!$B$2:$B$145,$B49) -> 0 | V49: =T49-U49 -> 0 | W49: =SUMIFS(ENG_Long!$Q$2:$Q$145,ENG_Long!$B$2:$B$145,$B49) -> 0 | X49: 0 | Y49: =W49*1000000+(V49+100)*1000+T49*10+X49*0.1+0.002 -> 100000 | Z49: =RANK(Y49,$Y$47:$Y$50,0) -> 3 | AA49: =CHOOSE(Z49,"1st","2nd","3rd","4th") -> 3rd
A50: L | B50: Ghana | C50: =SUMIFS(ENG_Long!$F$2:$F$145,ENG_Long!$B$2:$B$145,$B50) -> 3 | D50: =SUMIFS(ENG_Long!$G$2:$G$145,ENG_Long!$B$2:$B$145,$B50) -> 1 | E50: =SUMIFS(ENG_Long!$H$2:$H$145,ENG_Long!$B$2:$B$145,$B50) -> 0 | F50: =SUMIFS(ENG_Long!$I$2:$I$145,ENG_Long!$B$2:$B$145,$B50) -> 2 | G50: =SUMIFS(ENG_Long!$D$2:$D$145,ENG_Long!$B$2:$B$145,$B50) -> 4 | H50: =SUMIFS(ENG_Long!$E$2:$E$145,ENG_Long!$B$2:$B$145,$B50) -> 4 | I50: =G50-H50 -> 0 | J50: =SUMIFS(ENG_Long!$J$2:$J$145,ENG_Long!$B$2:$B$145,$B50) -> 3 | K50: 0 | L50: =J50*1000000+(I50+100)*1000+G50*10+K50*0.1+0.001 -> 3100040 | M50: =RANK(L50,$L$47:$L$50,0) -> 3 | N50: =CHOOSE(M50,"1st","2nd","3rd","4th") -> 3rd | P50: =SUMIFS(ENG_Long!$M$2:$M$145,ENG_Long!$B$2:$B$145,$B50) -> 0 | Q50: =SUMIFS(ENG_Long!$N$2:$N$145,ENG_Long!$B$2:$B$145,$B50) -> 0 | R50: =SUMIFS(ENG_Long!$O$2:$O$145,ENG_Long!$B$2:$B$145,$B50) -> 0 | S50: =SUMIFS(ENG_Long!$P$2:$P$145,ENG_Long!$B$2:$B$145,$B50) -> 0 | T50: =SUMIFS(ENG_Long!$K$2:$K$145,ENG_Long!$B$2:$B$145,$B50) -> 0 | U50: =SUMIFS(ENG_Long!$L$2:$L$145,ENG_Long!$B$2:$B$145,$B50) -> 0 | V50: =T50-U50 -> 0 | W50: =SUMIFS(ENG_Long!$Q$2:$Q$145,ENG_Long!$B$2:$B$145,$B50) -> 0 | X50: 0 | Y50: =W50*1000000+(V50+100)*1000+T50*10+X50*0.1+0.001 -> 100000 | Z50: =RANK(Y50,$Y$47:$Y$50,0) -> 4 | AA50: =CHOOSE(Z50,"1st","2nd","3rd","4th") -> 4th
A52: QUALIFICATION LOOKUP (auto)
A53: Grp | B53: Win(ante) | C53: RU(ante) | D53: 3rd(ante) | E53: Win(post) | F53: RU(post) | G53: 3rd(post)
A54: A | B54: =INDEX($B$3:$B$6,MATCH(1,$M$3:$M$6,0)) -> South Korea | C54: =INDEX($B$3:$B$6,MATCH(2,$M$3:$M$6,0)) -> Mexico | D54: =INDEX($B$3:$B$6,MATCH(3,$M$3:$M$6,0)) -> Czechia | E54: =INDEX($B$3:$B$6,MATCH(1,$Z$3:$Z$6,0)) -> Mexico | F54: =INDEX($B$3:$B$6,MATCH(2,$Z$3:$Z$6,0)) -> South Korea | G54: =INDEX($B$3:$B$6,MATCH(3,$Z$3:$Z$6,0)) -> Czechia | I54: =INDEX($L$3:$L$6,MATCH(3,$M$3:$M$6,0)) -> 3100030 | J54: =INDEX($Y$3:$Y$6,MATCH(3,$Z$3:$Z$6,0)) -> 99010.001
A55: B | B55: =INDEX($B$7:$B$10,MATCH(1,$M$7:$M$10,0)) -> Bosnia & Herzegovina | C55: =INDEX($B$7:$B$10,MATCH(2,$M$7:$M$10,0)) -> Switzerland | D55: =INDEX($B$7:$B$10,MATCH(3,$M$7:$M$10,0)) -> Canada | E55: =INDEX($B$7:$B$10,MATCH(1,$Z$7:$Z$10,0)) -> Canada | F55: =INDEX($B$7:$B$10,MATCH(2,$Z$7:$Z$10,0)) -> Switzerland | G55: =INDEX($B$7:$B$10,MATCH(3,$Z$7:$Z$10,0)) -> Qatar | I55: =INDEX($L$7:$L$10,MATCH(3,$M$7:$M$10,0)) -> 4101030 | J55: =INDEX($Y$7:$Y$10,MATCH(3,$Z$7:$Z$10,0)) -> 1100010
A56: C | B56: =INDEX($B$11:$B$14,MATCH(1,$M$11:$M$14,0)) -> Brazil | C56: =INDEX($B$11:$B$14,MATCH(2,$M$11:$M$14,0)) -> Morocco | D56: =INDEX($B$11:$B$14,MATCH(3,$M$11:$M$14,0)) -> Scotland | E56: =INDEX($B$11:$B$14,MATCH(1,$Z$11:$Z$14,0)) -> Scotland | F56: =INDEX($B$11:$B$14,MATCH(2,$Z$11:$Z$14,0)) -> Brazil | G56: =INDEX($B$11:$B$14,MATCH(3,$Z$11:$Z$14,0)) -> Morocco | I56: =INDEX($L$11:$L$14,MATCH(3,$M$11:$M$14,0)) -> 3100040 | J56: =INDEX($Y$11:$Y$14,MATCH(3,$Z$11:$Z$14,0)) -> 1100010
A57: D | B57: =INDEX($B$15:$B$18,MATCH(1,$M$15:$M$18,0)) -> Türkiye | C57: =INDEX($B$15:$B$18,MATCH(2,$M$15:$M$18,0)) -> United States | D57: =INDEX($B$15:$B$18,MATCH(3,$M$15:$M$18,0)) -> Australia | E57: =INDEX($B$15:$B$18,MATCH(1,$Z$15:$Z$18,0)) -> United States | F57: =INDEX($B$15:$B$18,MATCH(2,$Z$15:$Z$18,0)) -> Australia | G57: =INDEX($B$15:$B$18,MATCH(3,$Z$15:$Z$18,0)) -> Türkiye | I57: =INDEX($L$15:$L$18,MATCH(3,$M$15:$M$18,0)) -> 3096020 | J57: =INDEX($Y$15:$Y$18,MATCH(3,$Z$15:$Z$18,0)) -> 98000.001
A58: E | B58: =INDEX($B$19:$B$22,MATCH(1,$M$19:$M$22,0)) -> Ecuador | C58: =INDEX($B$19:$B$22,MATCH(2,$M$19:$M$22,0)) -> Germany | D58: =INDEX($B$19:$B$22,MATCH(3,$M$19:$M$22,0)) -> Côte d'Ivoire | E58: =INDEX($B$19:$B$22,MATCH(1,$Z$19:$Z$22,0)) -> Germany | F58: =INDEX($B$19:$B$22,MATCH(2,$Z$19:$Z$22,0)) -> Côte d'Ivoire | G58: =INDEX($B$19:$B$22,MATCH(3,$Z$19:$Z$22,0)) -> Ecuador | I58: =INDEX($L$19:$L$22,MATCH(3,$M$19:$M$22,0)) -> 1097010 | J58: =INDEX($Y$19:$Y$22,MATCH(3,$Z$19:$Z$22,0)) -> 99000.003
A59: F | B59: =INDEX($B$23:$B$26,MATCH(1,$M$23:$M$26,0)) -> Netherlands | C59: =INDEX($B$23:$B$26,MATCH(2,$M$23:$M$26,0)) -> Japan | D59: =INDEX($B$23:$B$26,MATCH(3,$M$23:$M$26,0)) -> Sweden | E59: =INDEX($B$23:$B$26,MATCH(1,$Z$23:$Z$26,0)) -> Sweden | F59: =INDEX($B$23:$B$26,MATCH(2,$Z$23:$Z$26,0)) -> Netherlands | G59: =INDEX($B$23:$B$26,MATCH(3,$Z$23:$Z$26,0)) -> Japan | I59: =INDEX($L$23:$L$26,MATCH(3,$M$23:$M$26,0)) -> 3099030 | J59: =INDEX($Y$23:$Y$26,MATCH(3,$Z$23:$Z$26,0)) -> 1100020
A60: G | B60: =INDEX($B$27:$B$30,MATCH(1,$M$27:$M$30,0)) -> Egypt | C60: =INDEX($B$27:$B$30,MATCH(2,$M$27:$M$30,0)) -> Belgium | D60: =INDEX($B$27:$B$30,MATCH(3,$M$27:$M$30,0)) -> Iran | E60: =INDEX($B$27:$B$30,MATCH(1,$Z$27:$Z$30,0)) -> Belgium | F60: =INDEX($B$27:$B$30,MATCH(2,$Z$27:$Z$30,0)) -> Iran | G60: =INDEX($B$27:$B$30,MATCH(3,$Z$27:$Z$30,0)) -> Egypt | I60: =INDEX($L$27:$L$30,MATCH(3,$M$27:$M$30,0)) -> 1097010 | J60: =INDEX($Y$27:$Y$30,MATCH(3,$Z$27:$Z$30,0)) -> 100000
A61: H | B61: =INDEX($B$31:$B$34,MATCH(1,$M$31:$M$34,0)) -> Spain | C61: =INDEX($B$31:$B$34,MATCH(2,$M$31:$M$34,0)) -> Uruguay | D61: =INDEX($B$31:$B$34,MATCH(3,$M$31:$M$34,0)) -> Saudi Arabia | E61: =INDEX($B$31:$B$34,MATCH(1,$Z$31:$Z$34,0)) -> Spain | F61: =INDEX($B$31:$B$34,MATCH(2,$Z$31:$Z$34,0)) -> Uruguay | G61: =INDEX($B$31:$B$34,MATCH(3,$Z$31:$Z$34,0)) -> Saudi Arabia | I61: =INDEX($L$31:$L$34,MATCH(3,$M$31:$M$34,0)) -> 3098030 | J61: =INDEX($Y$31:$Y$34,MATCH(3,$Z$31:$Z$34,0)) -> 100000
A62: I | B62: =INDEX($B$35:$B$38,MATCH(1,$M$35:$M$38,0)) -> France | C62: =INDEX($B$35:$B$38,MATCH(2,$M$35:$M$38,0)) -> Norway | D62: =INDEX($B$35:$B$38,MATCH(3,$M$35:$M$38,0)) -> Senegal | E62: =INDEX($B$35:$B$38,MATCH(1,$Z$35:$Z$38,0)) -> France | F62: =INDEX($B$35:$B$38,MATCH(2,$Z$35:$Z$38,0)) -> Senegal | G62: =INDEX($B$35:$B$38,MATCH(3,$Z$35:$Z$38,0)) -> Norway | I62: =INDEX($L$35:$L$38,MATCH(3,$M$35:$M$38,0)) -> 3097020 | J62: =INDEX($Y$35:$Y$38,MATCH(3,$Z$35:$Z$38,0)) -> 100000
A63: J | B63: =INDEX($B$39:$B$42,MATCH(1,$M$39:$M$42,0)) -> Argentina | C63: =INDEX($B$39:$B$42,MATCH(2,$M$39:$M$42,0)) -> Austria | D63: =INDEX($B$39:$B$42,MATCH(3,$M$39:$M$42,0)) -> Algeria | E63: =INDEX($B$39:$B$42,MATCH(1,$Z$39:$Z$42,0)) -> Argentina | F63: =INDEX($B$39:$B$42,MATCH(2,$Z$39:$Z$42,0)) -> Austria | G63: =INDEX($B$39:$B$42,MATCH(3,$Z$39:$Z$42,0)) -> Algeria | I63: =INDEX($L$39:$L$42,MATCH(3,$M$39:$M$42,0)) -> 1097030 | J63: =INDEX($Y$39:$Y$42,MATCH(3,$Z$39:$Z$42,0)) -> 100000
A64: K | B64: =INDEX($B$43:$B$46,MATCH(1,$M$43:$M$46,0)) -> Portugal | C64: =INDEX($B$43:$B$46,MATCH(2,$M$43:$M$46,0)) -> Colombia | D64: =INDEX($B$43:$B$46,MATCH(3,$M$43:$M$46,0)) -> DR Congo | E64: =INDEX($B$43:$B$46,MATCH(1,$Z$43:$Z$46,0)) -> Portugal | F64: =INDEX($B$43:$B$46,MATCH(2,$Z$43:$Z$46,0)) -> Colombia | G64: =INDEX($B$43:$B$46,MATCH(3,$Z$43:$Z$46,0)) -> Uzbekistan | I64: =INDEX($L$43:$L$46,MATCH(3,$M$43:$M$46,0)) -> 3099030 | J64: =INDEX($Y$43:$Y$46,MATCH(3,$Z$43:$Z$46,0)) -> 100000
A65: L | B65: =INDEX($B$47:$B$50,MATCH(1,$M$47:$M$50,0)) -> England | C65: =INDEX($B$47:$B$50,MATCH(2,$M$47:$M$50,0)) -> Croatia | D65: =INDEX($B$47:$B$50,MATCH(3,$M$47:$M$50,0)) -> Ghana | E65: =INDEX($B$47:$B$50,MATCH(1,$Z$47:$Z$50,0)) -> England | F65: =INDEX($B$47:$B$50,MATCH(2,$Z$47:$Z$50,0)) -> Croatia | G65: =INDEX($B$47:$B$50,MATCH(3,$Z$47:$Z$50,0)) -> Panama | I65: =INDEX($L$47:$L$50,MATCH(3,$M$47:$M$50,0)) -> 3100040 | J65: =INDEX($Y$47:$Y$50,MATCH(3,$Z$47:$Z$50,0)) -> 100000

Sheet 3rd Place + Alloc
A1: THIRD-PLACE RANKING (auto): top 8 of 12 qualify
A2: Grp | B2: 3rd team (ante) | C2: Key(ante) | D2: Rk(ante) | E2: Status(ante) | F2: 3rd team (post) | G2: Key(post) | H2: Rk(post) | I2: Status(post)
A3: A | B3: =Standings!D54 -> Czechia | C3: =Standings!I54 -> 3100030 | D3: =RANK(C3,$C$3:$C$14,0) -> 4 | E3: =IF(D3<=8,"Q","—") -> Q | F3: =Standings!G54 -> Czechia | G3: =Standings!J54 -> 99010.001 | H3: =RANK(G3,$G$3:$G$14,0) -> 10 | I3: =IF(H3<=8,"Q","—") -> —
A4: B | B4: =Standings!D55 -> Canada | C4: =Standings!I55 -> 4101030 | D4: =RANK(C4,$C$3:$C$14,0) -> 1 | E4: =IF(D4<=8,"Q","—") -> Q | F4: =Standings!G55 -> Qatar | G4: =Standings!J55 -> 1100010 | H4: =RANK(G4,$G$3:$G$14,0) -> 3 | I4: =IF(H4<=8,"Q","—") -> Q
A5: C | B5: =Standings!D56 -> Scotland | C5: =Standings!I56 -> 3100040 | D5: =RANK(C5,$C$3:$C$14,0) -> 2 | E5: =IF(D5<=8,"Q","—") -> Q | F5: =Standings!G56 -> Morocco | G5: =Standings!J56 -> 1100010 | H5: =RANK(G5,$G$3:$G$14,0) -> 2 | I5: =IF(H5<=8,"Q","—") -> Q
A6: D | B6: =Standings!D57 -> Australia | C6: =Standings!I57 -> 3096020 | D6: =RANK(C6,$C$3:$C$14,0) -> 9 | E6: =IF(D6<=8,"Q","—") -> — | F6: =Standings!G57 -> Türkiye | G6: =Standings!J57 -> 98000.001 | H6: =RANK(G6,$G$3:$G$14,0) -> 12 | I6: =IF(H6<=8,"Q","—") -> —
A7: E | B7: =Standings!D58 -> Côte d'Ivoire | C7: =Standings!I58 -> 1097010 | D7: =RANK(C7,$C$3:$C$14,0) -> 12 | E7: =IF(D7<=8,"Q","—") -> — | F7: =Standings!G58 -> Ecuador | G7: =Standings!J58 -> 99000.003 | H7: =RANK(G7,$G$3:$G$14,0) -> 11 | I7: =IF(H7<=8,"Q","—") -> —
A8: F | B8: =Standings!D59 -> Sweden | C8: =Standings!I59 -> 3099030 | D8: =RANK(C8,$C$3:$C$14,0) -> 5 | E8: =IF(D8<=8,"Q","—") -> Q | F8: =Standings!G59 -> Japan | G8: =Standings!J59 -> 1100020 | H8: =RANK(G8,$G$3:$G$14,0) -> 1 | I8: =IF(H8<=8,"Q","—") -> Q
A9: G | B9: =Standings!D60 -> Iran | C9: =Standings!I60 -> 1097010 | D9: =RANK(C9,$C$3:$C$14,0) -> 11 | E9: =IF(D9<=8,"Q","—") -> — | F9: =Standings!G60 -> Egypt | G9: =Standings!J60 -> 100000 | H9: =RANK(G9,$G$3:$G$14,0) -> 4 | I9: =IF(H9<=8,"Q","—") -> Q
A10: H | B10: =Standings!D61 -> Saudi Arabia | C10: =Standings!I61 -> 3098030 | D10: =RANK(C10,$C$3:$C$14,0) -> 7 | E10: =IF(D10<=8,"Q","—") -> Q | F10: =Standings!G61 -> Saudi Arabia | G10: =Standings!J61 -> 100000 | H10: =RANK(G10,$G$3:$G$14,0) -> 4 | I10: =IF(H10<=8,"Q","—") -> Q
A11: I | B11: =Standings!D62 -> Senegal | C11: =Standings!I62 -> 3097020 | D11: =RANK(C11,$C$3:$C$14,0) -> 8 | E11: =IF(D11<=8,"Q","—") -> Q | F11: =Standings!G62 -> Norway | G11: =Standings!J62 -> 100000 | H11: =RANK(G11,$G$3:$G$14,0) -> 4 | I11: =IF(H11<=8,"Q","—") -> Q
A12: J | B12: =Standings!D63 -> Algeria | C12: =Standings!I63 -> 1097030 | D12: =RANK(C12,$C$3:$C$14,0) -> 10 | E12: =IF(D12<=8,"Q","—") -> — | F12: =Standings!G63 -> Algeria | G12: =Standings!J63 -> 100000 | H12: =RANK(G12,$G$3:$G$14,0) -> 4 | I12: =IF(H12<=8,"Q","—") -> Q
A13: K | B13: =Standings!D64 -> DR Congo | C13: =Standings!I64 -> 3099030 | D13: =RANK(C13,$C$3:$C$14,0) -> 5 | E13: =IF(D13<=8,"Q","—") -> Q | F13: =Standings!G64 -> Uzbekistan | G13: =Standings!J64 -> 100000 | H13: =RANK(G13,$G$3:$G$14,0) -> 4 | I13: =IF(H13<=8,"Q","—") -> Q
A14: L | B14: =Standings!D65 -> Ghana | C14: =Standings!I65 -> 3100040 | D14: =RANK(C14,$C$3:$C$14,0) -> 3 | E14: =IF(D14<=8,"Q","—") -> Q | F14: =Standings!G65 -> Panama | G14: =Standings!J65 -> 100000 | H14: =RANK(G14,$G$3:$G$14,0) -> 4 | I14: =IF(H14<=8,"Q","—") -> Q
A16: 3RD-PLACE → R32 SLOT ASSIGNMENT (pick a group in the blue cells; must be a 'Q' group from its candidate set)
A17: R32 Match | B17: Candidate groups | C17: Pick (ante) | D17: Team (ante) | E17: Check (ante) | F17: Pick (post) | G17: Team (post) | H17: Check (post)
A18: M74 | B18: A,B,C,D,F | C18: A | D18: =IF($C18="","",VLOOKUP($C18,Standings!$A$54:$G$65,4,FALSE())) -> Czechia | E18: =IF($C18="","",IF(COUNTIF($C$18:$C$25,$C18)>1,"DUP",IF(ISNUMBER(SEARCH($C18,$B18))=FALSE(),"NOT IN SET",IF(VLOOKUP($C18,'3rd Place + Alloc'!$A$3:$E$14,5,FALSE())="Q","OK","NOT TOP8")))) -> OK | G18: =IF($F18="","",VLOOKUP($F18,Standings!$A$54:$G$65,7,FALSE())) | H18: =IF($F18="","",IF(COUNTIF($F$18:$F$25,$F18)>1,"DUP",IF(ISNUMBER(SEARCH($F18,$B18))=FALSE(),"NOT IN SET",IF(VLOOKUP($F18,'3rd Place + Alloc'!$A$3:$I$14,9,FALSE())="Q","OK","NOT TOP8"))))
A19: M77 | B19: C,D,F,G,H | C19: C | D19: =IF($C19="","",VLOOKUP($C19,Standings!$A$54:$G$65,4,FALSE())) -> Scotland | E19: =IF($C19="","",IF(COUNTIF($C$18:$C$25,$C19)>1,"DUP",IF(ISNUMBER(SEARCH($C19,$B19))=FALSE(),"NOT IN SET",IF(VLOOKUP($C19,'3rd Place + Alloc'!$A$3:$E$14,5,FALSE())="Q","OK","NOT TOP8")))) -> OK | G19: =IF($F19="","",VLOOKUP($F19,Standings!$A$54:$G$65,7,FALSE())) | H19: =IF($F19="","",IF(COUNTIF($F$18:$F$25,$F19)>1,"DUP",IF(ISNUMBER(SEARCH($F19,$B19))=FALSE(),"NOT IN SET",IF(VLOOKUP($F19,'3rd Place + Alloc'!$A$3:$I$14,9,FALSE())="Q","OK","NOT TOP8"))))
A20: M79 | B20: C,E,F,H,I | C20: H | D20: =IF($C20="","",VLOOKUP($C20,Standings!$A$54:$G$65,4,FALSE())) -> Saudi Arabia | E20: =IF($C20="","",IF(COUNTIF($C$18:$C$25,$C20)>1,"DUP",IF(ISNUMBER(SEARCH($C20,$B20))=FALSE(),"NOT IN SET",IF(VLOOKUP($C20,'3rd Place + Alloc'!$A$3:$E$14,5,FALSE())="Q","OK","NOT TOP8")))) -> OK | G20: =IF($F20="","",VLOOKUP($F20,Standings!$A$54:$G$65,7,FALSE())) | H20: =IF($F20="","",IF(COUNTIF($F$18:$F$25,$F20)>1,"DUP",IF(ISNUMBER(SEARCH($F20,$B20))=FALSE(),"NOT IN SET",IF(VLOOKUP($F20,'3rd Place + Alloc'!$A$3:$I$14,9,FALSE())="Q","OK","NOT TOP8"))))
A21: M80 | B21: E,H,I,J,K | C21: K | D21: =IF($C21="","",VLOOKUP($C21,Standings!$A$54:$G$65,4,FALSE())) -> DR Congo | E21: =IF($C21="","",IF(COUNTIF($C$18:$C$25,$C21)>1,"DUP",IF(ISNUMBER(SEARCH($C21,$B21))=FALSE(),"NOT IN SET",IF(VLOOKUP($C21,'3rd Place + Alloc'!$A$3:$E$14,5,FALSE())="Q","OK","NOT TOP8")))) -> OK | G21: =IF($F21="","",VLOOKUP($F21,Standings!$A$54:$G$65,7,FALSE())) | H21: =IF($F21="","",IF(COUNTIF($F$18:$F$25,$F21)>1,"DUP",IF(ISNUMBER(SEARCH($F21,$B21))=FALSE(),"NOT IN SET",IF(VLOOKUP($F21,'3rd Place + Alloc'!$A$3:$I$14,9,FALSE())="Q","OK","NOT TOP8"))))
A22: M81 | B22: B,E,F,I,J | C22: B | D22: =IF($C22="","",VLOOKUP($C22,Standings!$A$54:$G$65,4,FALSE())) -> Canada | E22: =IF($C22="","",IF(COUNTIF($C$18:$C$25,$C22)>1,"DUP",IF(ISNUMBER(SEARCH($C22,$B22))=FALSE(),"NOT IN SET",IF(VLOOKUP($C22,'3rd Place + Alloc'!$A$3:$E$14,5,FALSE())="Q","OK","NOT TOP8")))) -> OK | G22: =IF($F22="","",VLOOKUP($F22,Standings!$A$54:$G$65,7,FALSE())) | H22: =IF($F22="","",IF(COUNTIF($F$18:$F$25,$F22)>1,"DUP",IF(ISNUMBER(SEARCH($F22,$B22))=FALSE(),"NOT IN SET",IF(VLOOKUP($F22,'3rd Place + Alloc'!$A$3:$I$14,9,FALSE())="Q","OK","NOT TOP8"))))
A23: M82 | B23: A,E,H,I,J | C23: I | D23: =IF($C23="","",VLOOKUP($C23,Standings!$A$54:$G$65,4,FALSE())) -> Senegal | E23: =IF($C23="","",IF(COUNTIF($C$18:$C$25,$C23)>1,"DUP",IF(ISNUMBER(SEARCH($C23,$B23))=FALSE(),"NOT IN SET",IF(VLOOKUP($C23,'3rd Place + Alloc'!$A$3:$E$14,5,FALSE())="Q","OK","NOT TOP8")))) -> OK | G23: =IF($F23="","",VLOOKUP($F23,Standings!$A$54:$G$65,7,FALSE())) | H23: =IF($F23="","",IF(COUNTIF($F$18:$F$25,$F23)>1,"DUP",IF(ISNUMBER(SEARCH($F23,$B23))=FALSE(),"NOT IN SET",IF(VLOOKUP($F23,'3rd Place + Alloc'!$A$3:$I$14,9,FALSE())="Q","OK","NOT TOP8"))))
A24: M85 | B24: E,F,G,I,J | C24: F | D24: =IF($C24="","",VLOOKUP($C24,Standings!$A$54:$G$65,4,FALSE())) -> Sweden | E24: =IF($C24="","",IF(COUNTIF($C$18:$C$25,$C24)>1,"DUP",IF(ISNUMBER(SEARCH($C24,$B24))=FALSE(),"NOT IN SET",IF(VLOOKUP($C24,'3rd Place + Alloc'!$A$3:$E$14,5,FALSE())="Q","OK","NOT TOP8")))) -> OK | G24: =IF($F24="","",VLOOKUP($F24,Standings!$A$54:$G$65,7,FALSE())) | H24: =IF($F24="","",IF(COUNTIF($F$18:$F$25,$F24)>1,"DUP",IF(ISNUMBER(SEARCH($F24,$B24))=FALSE(),"NOT IN SET",IF(VLOOKUP($F24,'3rd Place + Alloc'!$A$3:$I$14,9,FALSE())="Q","OK","NOT TOP8"))))
A25: M87 | B25: D,E,I,J,L | C25: L | D25: =IF($C25="","",VLOOKUP($C25,Standings!$A$54:$G$65,4,FALSE())) -> Ghana | E25: =IF($C25="","",IF(COUNTIF($C$18:$C$25,$C25)>1,"DUP",IF(ISNUMBER(SEARCH($C25,$B25))=FALSE(),"NOT IN SET",IF(VLOOKUP($C25,'3rd Place + Alloc'!$A$3:$E$14,5,FALSE())="Q","OK","NOT TOP8")))) -> OK | G25: =IF($F25="","",VLOOKUP($F25,Standings!$A$54:$G$65,7,FALSE())) | H25: =IF($F25="","",IF(COUNTIF($F$18:$F$25,$F25)>1,"DUP",IF(ISNUMBER(SEARCH($F25,$B25))=FALSE(),"NOT IN SET",IF(VLOOKUP($F25,'3rd Place + Alloc'!$A$3:$I$14,9,FALSE())="Q","OK","NOT TOP8"))))

Sheet Knockout Bracket
A1: KNOCKOUT BRACKET — Ex Ante (left) vs Ex Post (right). Enter scores in yellow; set PK winner (H/A) only if a tie.
A2: # | B2: Round | C2: Date | D2: Home slot | E2: Away slot | F2: Home (ante) | G2: Away (ante) | H2: H | I2: A | J2: PK | K2: Win (ante) | L2: Lose (ante) | N2: Home (post) | O2: Away (post) | P2: H | Q2: A | R2: PK | S2: Win (post) | T2: Lose (post) | U2: ✓?
A3: 73 | B3: Round of 32 | C3: Jun 28 | D3: Runner-up A | E3: Runner-up B | F3: =Standings!C54 -> Mexico | G3: =Standings!C55 -> Switzerland | H3: 2 | I3: 1 | K3: =IF(AND(ISNUMBER(H3),ISNUMBER(I3)),IF(H3>I3,F3,IF(I3>H3,G3,IF(J3="H",F3,IF(J3="A",G3,"")))),"") -> Mexico | L3: =IF(AND(ISNUMBER(H3),ISNUMBER(I3)),IF(H3>I3,G3,IF(I3>H3,F3,IF(J3="H",G3,IF(J3="A",F3,"")))),"") -> Switzerland | N3: =Standings!F54 -> South Korea | O3: =Standings!F55 -> Switzerland | S3: =IF(AND(ISNUMBER(P3),ISNUMBER(Q3)),IF(P3>Q3,N3,IF(Q3>P3,O3,IF(R3="H",N3,IF(R3="A",O3,"")))),"") | T3: =IF(AND(ISNUMBER(P3),ISNUMBER(Q3)),IF(P3>Q3,O3,IF(Q3>P3,N3,IF(R3="H",O3,IF(R3="A",N3,"")))),"") | U3: =IF(OR(K3="",S3=""),"",IF(K3=S3,"✓","✗"))
A4: 74 | B4: Round of 32 | C4: Jun 29 | D4: Winner E | E4: 3rd → M74 | F4: =Standings!B58 -> Ecuador | G4: ='3rd Place + Alloc'!D18 -> Czechia | H4: 1 | I4: 1 | J4: H | K4: =IF(AND(ISNUMBER(H4),ISNUMBER(I4)),IF(H4>I4,F4,IF(I4>H4,G4,IF(J4="H",F4,IF(J4="A",G4,"")))),"") -> Ecuador | L4: =IF(AND(ISNUMBER(H4),ISNUMBER(I4)),IF(H4>I4,G4,IF(I4>H4,F4,IF(J4="H",G4,IF(J4="A",F4,"")))),"") -> Czechia | N4: =Standings!E58 -> Germany | O4: ='3rd Place + Alloc'!G18 | S4: =IF(AND(ISNUMBER(P4),ISNUMBER(Q4)),IF(P4>Q4,N4,IF(Q4>P4,O4,IF(R4="H",N4,IF(R4="A",O4,"")))),"") | T4: =IF(AND(ISNUMBER(P4),ISNUMBER(Q4)),IF(P4>Q4,O4,IF(Q4>P4,N4,IF(R4="H",O4,IF(R4="A",N4,"")))),"") | U4: =IF(OR(K4="",S4=""),"",IF(K4=S4,"✓","✗"))
A5: 75 | B5: Round of 32 | C5: Jun 29 | D5: Winner F | E5: Runner-up C | F5: =Standings!B59 -> Netherlands | G5: =Standings!C56 -> Morocco | H5: 2 | I5: 2 | J5: H | K5: =IF(AND(ISNUMBER(H5),ISNUMBER(I5)),IF(H5>I5,F5,IF(I5>H5,G5,IF(J5="H",F5,IF(J5="A",G5,"")))),"") -> Netherlands | L5: =IF(AND(ISNUMBER(H5),ISNUMBER(I5)),IF(H5>I5,G5,IF(I5>H5,F5,IF(J5="H",G5,IF(J5="A",F5,"")))),"") -> Morocco | N5: =Standings!E59 -> Sweden | O5: =Standings!F56 -> Brazil | S5: =IF(AND(ISNUMBER(P5),ISNUMBER(Q5)),IF(P5>Q5,N5,IF(Q5>P5,O5,IF(R5="H",N5,IF(R5="A",O5,"")))),"") | T5: =IF(AND(ISNUMBER(P5),ISNUMBER(Q5)),IF(P5>Q5,O5,IF(Q5>P5,N5,IF(R5="H",O5,IF(R5="A",N5,"")))),"") | U5: =IF(OR(K5="",S5=""),"",IF(K5=S5,"✓","✗"))
A6: 76 | B6: Round of 32 | C6: Jun 29 | D6: Winner C | E6: Runner-up F | F6: =Standings!B56 -> Brazil | G6: =Standings!C59 -> Japan | H6: 2 | I6: 1 | K6: =IF(AND(ISNUMBER(H6),ISNUMBER(I6)),IF(H6>I6,F6,IF(I6>H6,G6,IF(J6="H",F6,IF(J6="A",G6,"")))),"") -> Brazil | L6: =IF(AND(ISNUMBER(H6),ISNUMBER(I6)),IF(H6>I6,G6,IF(I6>H6,F6,IF(J6="H",G6,IF(J6="A",F6,"")))),"") -> Japan | N6: =Standings!E56 -> Scotland | O6: =Standings!F59 -> Netherlands | S6: =IF(AND(ISNUMBER(P6),ISNUMBER(Q6)),IF(P6>Q6,N6,IF(Q6>P6,O6,IF(R6="H",N6,IF(R6="A",O6,"")))),"") | T6: =IF(AND(ISNUMBER(P6),ISNUMBER(Q6)),IF(P6>Q6,O6,IF(Q6>P6,N6,IF(R6="H",O6,IF(R6="A",N6,"")))),"") | U6: =IF(OR(K6="",S6=""),"",IF(K6=S6,"✓","✗"))
A7: 77 | B7: Round of 32 | C7: Jun 30 | D7: Winner I | E7: 3rd → M77 | F7: =Standings!B62 -> France | G7: ='3rd Place + Alloc'!D19 -> Scotland | H7: 3 | I7: 1 | K7: =IF(AND(ISNUMBER(H7),ISNUMBER(I7)),IF(H7>I7,F7,IF(I7>H7,G7,IF(J7="H",F7,IF(J7="A",G7,"")))),"") -> France | L7: =IF(AND(ISNUMBER(H7),ISNUMBER(I7)),IF(H7>I7,G7,IF(I7>H7,F7,IF(J7="H",G7,IF(J7="A",F7,"")))),"") -> Scotland | N7: =Standings!E62 -> France | O7: ='3rd Place + Alloc'!G19 | S7: =IF(AND(ISNUMBER(P7),ISNUMBER(Q7)),IF(P7>Q7,N7,IF(Q7>P7,O7,IF(R7="H",N7,IF(R7="A",O7,"")))),"") | T7: =IF(AND(ISNUMBER(P7),ISNUMBER(Q7)),IF(P7>Q7,O7,IF(Q7>P7,N7,IF(R7="H",O7,IF(R7="A",N7,"")))),"") | U7: =IF(OR(K7="",S7=""),"",IF(K7=S7,"✓","✗"))
A8: 78 | B8: Round of 32 | C8: Jun 30 | D8: Runner-up E | E8: Runner-up I | F8: =Standings!C58 -> Germany | G8: =Standings!C62 -> Norway | H8: 1 | I8: 2 | K8: =IF(AND(ISNUMBER(H8),ISNUMBER(I8)),IF(H8>I8,F8,IF(I8>H8,G8,IF(J8="H",F8,IF(J8="A",G8,"")))),"") -> Norway | L8: =IF(AND(ISNUMBER(H8),ISNUMBER(I8)),IF(H8>I8,G8,IF(I8>H8,F8,IF(J8="H",G8,IF(J8="A",F8,"")))),"") -> Germany | N8: =Standings!F58 -> Côte d'Ivoire | O8: =Standings!F62 -> Senegal | S8: =IF(AND(ISNUMBER(P8),ISNUMBER(Q8)),IF(P8>Q8,N8,IF(Q8>P8,O8,IF(R8="H",N8,IF(R8="A",O8,"")))),"") | T8: =IF(AND(ISNUMBER(P8),ISNUMBER(Q8)),IF(P8>Q8,O8,IF(Q8>P8,N8,IF(R8="H",O8,IF(R8="A",N8,"")))),"") | U8: =IF(OR(K8="",S8=""),"",IF(K8=S8,"✓","✗"))
A9: 79 | B9: Round of 32 | C9: Jun 30 | D9: Winner A | E9: 3rd → M79 | F9: =Standings!B54 -> South Korea | G9: ='3rd Place + Alloc'!D20 -> Saudi Arabia | H9: 2 | I9: 1 | K9: =IF(AND(ISNUMBER(H9),ISNUMBER(I9)),IF(H9>I9,F9,IF(I9>H9,G9,IF(J9="H",F9,IF(J9="A",G9,"")))),"") -> South Korea | L9: =IF(AND(ISNUMBER(H9),ISNUMBER(I9)),IF(H9>I9,G9,IF(I9>H9,F9,IF(J9="H",G9,IF(J9="A",F9,"")))),"") -> Saudi Arabia | N9: =Standings!E54 -> Mexico | O9: ='3rd Place + Alloc'!G20 | S9: =IF(AND(ISNUMBER(P9),ISNUMBER(Q9)),IF(P9>Q9,N9,IF(Q9>P9,O9,IF(R9="H",N9,IF(R9="A",O9,"")))),"") | T9: =IF(AND(ISNUMBER(P9),ISNUMBER(Q9)),IF(P9>Q9,O9,IF(Q9>P9,N9,IF(R9="H",O9,IF(R9="A",N9,"")))),"") | U9: =IF(OR(K9="",S9=""),"",IF(K9=S9,"✓","✗"))
A10: 80 | B10: Round of 32 | C10: Jul 1 | D10: Winner L | E10: 3rd → M80 | F10: =Standings!B65 -> England | G10: ='3rd Place + Alloc'!D21 -> DR Congo | H10: 3 | I10: 1 | K10: =IF(AND(ISNUMBER(H10),ISNUMBER(I10)),IF(H10>I10,F10,IF(I10>H10,G10,IF(J10="H",F10,IF(J10="A",G10,"")))),"") -> England | L10: =IF(AND(ISNUMBER(H10),ISNUMBER(I10)),IF(H10>I10,G10,IF(I10>H10,F10,IF(J10="H",G10,IF(J10="A",F10,"")))),"") -> DR Congo | N10: =Standings!E65 -> England | O10: ='3rd Place + Alloc'!G21 | S10: =IF(AND(ISNUMBER(P10),ISNUMBER(Q10)),IF(P10>Q10,N10,IF(Q10>P10,O10,IF(R10="H",N10,IF(R10="A",O10,"")))),"") | T10: =IF(AND(ISNUMBER(P10),ISNUMBER(Q10)),IF(P10>Q10,O10,IF(Q10>P10,N10,IF(R10="H",O10,IF(R10="A",N10,"")))),"") | U10: =IF(OR(K10="",S10=""),"",IF(K10=S10,"✓","✗"))
A11: 81 | B11: Round of 32 | C11: Jul 1 | D11: Winner D | E11: 3rd → M81 | F11: =Standings!B57 -> Türkiye | G11: ='3rd Place + Alloc'!D22 -> Canada | H11: 2 | I11: 1 | K11: =IF(AND(ISNUMBER(H11),ISNUMBER(I11)),IF(H11>I11,F11,IF(I11>H11,G11,IF(J11="H",F11,IF(J11="A",G11,"")))),"") -> Türkiye | L11: =IF(AND(ISNUMBER(H11),ISNUMBER(I11)),IF(H11>I11,G11,IF(I11>H11,F11,IF(J11="H",G11,IF(J11="A",F11,"")))),"") -> Canada | N11: =Standings!E57 -> United States | O11: ='3rd Place + Alloc'!G22 | S11: =IF(AND(ISNUMBER(P11),ISNUMBER(Q11)),IF(P11>Q11,N11,IF(Q11>P11,O11,IF(R11="H",N11,IF(R11="A",O11,"")))),"") | T11: =IF(AND(ISNUMBER(P11),ISNUMBER(Q11)),IF(P11>Q11,O11,IF(Q11>P11,N11,IF(R11="H",O11,IF(R11="A",N11,"")))),"") | U11: =IF(OR(K11="",S11=""),"",IF(K11=S11,"✓","✗"))
A12: 82 | B12: Round of 32 | C12: Jul 1 | D12: Winner G | E12: 3rd → M82 | F12: =Standings!B60 -> Egypt | G12: ='3rd Place + Alloc'!D23 -> Senegal | H12: 1 | I12: 2 | K12: =IF(AND(ISNUMBER(H12),ISNUMBER(I12)),IF(H12>I12,F12,IF(I12>H12,G12,IF(J12="H",F12,IF(J12="A",G12,"")))),"") -> Senegal | L12: =IF(AND(ISNUMBER(H12),ISNUMBER(I12)),IF(H12>I12,G12,IF(I12>H12,F12,IF(J12="H",G12,IF(J12="A",F12,"")))),"") -> Egypt | N12: =Standings!E60 -> Belgium | O12: ='3rd Place + Alloc'!G23 | S12: =IF(AND(ISNUMBER(P12),ISNUMBER(Q12)),IF(P12>Q12,N12,IF(Q12>P12,O12,IF(R12="H",N12,IF(R12="A",O12,"")))),"") | T12: =IF(AND(ISNUMBER(P12),ISNUMBER(Q12)),IF(P12>Q12,O12,IF(Q12>P12,N12,IF(R12="H",O12,IF(R12="A",N12,"")))),"") | U12: =IF(OR(K12="",S12=""),"",IF(K12=S12,"✓","✗"))
A13: 83 | B13: Round of 32 | C13: Jul 2 | D13: Runner-up K | E13: Runner-up L | F13: =Standings!C64 -> Colombia | G13: =Standings!C65 -> Croatia | H13: 1 | I13: 2 | K13: =IF(AND(ISNUMBER(H13),ISNUMBER(I13)),IF(H13>I13,F13,IF(I13>H13,G13,IF(J13="H",F13,IF(J13="A",G13,"")))),"") -> Croatia | L13: =IF(AND(ISNUMBER(H13),ISNUMBER(I13)),IF(H13>I13,G13,IF(I13>H13,F13,IF(J13="H",G13,IF(J13="A",F13,"")))),"") -> Colombia | N13: =Standings!F64 -> Colombia | O13: =Standings!F65 -> Croatia | S13: =IF(AND(ISNUMBER(P13),ISNUMBER(Q13)),IF(P13>Q13,N13,IF(Q13>P13,O13,IF(R13="H",N13,IF(R13="A",O13,"")))),"") | T13: =IF(AND(ISNUMBER(P13),ISNUMBER(Q13)),IF(P13>Q13,O13,IF(Q13>P13,N13,IF(R13="H",O13,IF(R13="A",N13,"")))),"") | U13: =IF(OR(K13="",S13=""),"",IF(K13=S13,"✓","✗"))
A14: 84 | B14: Round of 32 | C14: Jul 2 | D14: Winner H | E14: Runner-up J | F14: =Standings!B61 -> Spain | G14: =Standings!C63 -> Austria | H14: 3 | I14: 1 | K14: =IF(AND(ISNUMBER(H14),ISNUMBER(I14)),IF(H14>I14,F14,IF(I14>H14,G14,IF(J14="H",F14,IF(J14="A",G14,"")))),"") -> Spain | L14: =IF(AND(ISNUMBER(H14),ISNUMBER(I14)),IF(H14>I14,G14,IF(I14>H14,F14,IF(J14="H",G14,IF(J14="A",F14,"")))),"") -> Austria | N14: =Standings!E61 -> Spain | O14: =Standings!F63 -> Austria | S14: =IF(AND(ISNUMBER(P14),ISNUMBER(Q14)),IF(P14>Q14,N14,IF(Q14>P14,O14,IF(R14="H",N14,IF(R14="A",O14,"")))),"") | T14: =IF(AND(ISNUMBER(P14),ISNUMBER(Q14)),IF(P14>Q14,O14,IF(Q14>P14,N14,IF(R14="H",O14,IF(R14="A",N14,"")))),"") | U14: =IF(OR(K14="",S14=""),"",IF(K14=S14,"✓","✗"))
A15: 85 | B15: Round of 32 | C15: Jul 2 | D15: Winner B | E15: 3rd → M85 | F15: =Standings!B55 -> Bosnia & Herzegovina | G15: ='3rd Place + Alloc'!D24 -> Sweden | H15: 1 | I15: 2 | K15: =IF(AND(ISNUMBER(H15),ISNUMBER(I15)),IF(H15>I15,F15,IF(I15>H15,G15,IF(J15="H",F15,IF(J15="A",G15,"")))),"") -> Sweden | L15: =IF(AND(ISNUMBER(H15),ISNUMBER(I15)),IF(H15>I15,G15,IF(I15>H15,F15,IF(J15="H",G15,IF(J15="A",F15,"")))),"") -> Bosnia & Herzegovina | N15: =Standings!E55 -> Canada | O15: ='3rd Place + Alloc'!G24 | S15: =IF(AND(ISNUMBER(P15),ISNUMBER(Q15)),IF(P15>Q15,N15,IF(Q15>P15,O15,IF(R15="H",N15,IF(R15="A",O15,"")))),"") | T15: =IF(AND(ISNUMBER(P15),ISNUMBER(Q15)),IF(P15>Q15,O15,IF(Q15>P15,N15,IF(R15="H",O15,IF(R15="A",N15,"")))),"") | U15: =IF(OR(K15="",S15=""),"",IF(K15=S15,"✓","✗"))
A16: 86 | B16: Round of 32 | C16: Jul 3 | D16: Winner J | E16: Runner-up H | F16: =Standings!B63 -> Argentina | G16: =Standings!C61 -> Uruguay | H16: 1 | I16: 1 | J16: H | K16: =IF(AND(ISNUMBER(H16),ISNUMBER(I16)),IF(H16>I16,F16,IF(I16>H16,G16,IF(J16="H",F16,IF(J16="A",G16,"")))),"") -> Argentina | L16: =IF(AND(ISNUMBER(H16),ISNUMBER(I16)),IF(H16>I16,G16,IF(I16>H16,F16,IF(J16="H",G16,IF(J16="A",F16,"")))),"") -> Uruguay | N16: =Standings!E63 -> Argentina | O16: =Standings!F61 -> Uruguay | S16: =IF(AND(ISNUMBER(P16),ISNUMBER(Q16)),IF(P16>Q16,N16,IF(Q16>P16,O16,IF(R16="H",N16,IF(R16="A",O16,"")))),"") | T16: =IF(AND(ISNUMBER(P16),ISNUMBER(Q16)),IF(P16>Q16,O16,IF(Q16>P16,N16,IF(R16="H",O16,IF(R16="A",N16,"")))),"") | U16: =IF(OR(K16="",S16=""),"",IF(K16=S16,"✓","✗"))
A17: 87 | B17: Round of 32 | C17: Jul 3 | D17: Winner K | E17: 3rd → M87 | F17: =Standings!B64 -> Portugal | G17: ='3rd Place + Alloc'!D25 -> Ghana | H17: 3 | I17: 1 | K17: =IF(AND(ISNUMBER(H17),ISNUMBER(I17)),IF(H17>I17,F17,IF(I17>H17,G17,IF(J17="H",F17,IF(J17="A",G17,"")))),"") -> Portugal | L17: =IF(AND(ISNUMBER(H17),ISNUMBER(I17)),IF(H17>I17,G17,IF(I17>H17,F17,IF(J17="H",G17,IF(J17="A",F17,"")))),"") -> Ghana | N17: =Standings!E64 -> Portugal | O17: ='3rd Place + Alloc'!G25 | S17: =IF(AND(ISNUMBER(P17),ISNUMBER(Q17)),IF(P17>Q17,N17,IF(Q17>P17,O17,IF(R17="H",N17,IF(R17="A",O17,"")))),"") | T17: =IF(AND(ISNUMBER(P17),ISNUMBER(Q17)),IF(P17>Q17,O17,IF(Q17>P17,N17,IF(R17="H",O17,IF(R17="A",N17,"")))),"") | U17: =IF(OR(K17="",S17=""),"",IF(K17=S17,"✓","✗"))
A18: 88 | B18: Round of 32 | C18: Jul 3 | D18: Runner-up D | E18: Runner-up G | F18: =Standings!C57 -> United States | G18: =Standings!C60 -> Belgium | H18: 1 | I18: 2 | K18: =IF(AND(ISNUMBER(H18),ISNUMBER(I18)),IF(H18>I18,F18,IF(I18>H18,G18,IF(J18="H",F18,IF(J18="A",G18,"")))),"") -> Belgium | L18: =IF(AND(ISNUMBER(H18),ISNUMBER(I18)),IF(H18>I18,G18,IF(I18>H18,F18,IF(J18="H",G18,IF(J18="A",F18,"")))),"") -> United States | N18: =Standings!F57 -> Australia | O18: =Standings!F60 -> Iran | S18: =IF(AND(ISNUMBER(P18),ISNUMBER(Q18)),IF(P18>Q18,N18,IF(Q18>P18,O18,IF(R18="H",N18,IF(R18="A",O18,"")))),"") | T18: =IF(AND(ISNUMBER(P18),ISNUMBER(Q18)),IF(P18>Q18,O18,IF(Q18>P18,N18,IF(R18="H",O18,IF(R18="A",N18,"")))),"") | U18: =IF(OR(K18="",S18=""),"",IF(K18=S18,"✓","✗"))
A19: 89 | B19: Round of 16 | C19: Jul 4 | D19: Winner M74 | E19: Winner M77 | F19: =K4 -> Ecuador | G19: =K7 -> France | H19: 1 | I19: 2 | K19: =IF(AND(ISNUMBER(H19),ISNUMBER(I19)),IF(H19>I19,F19,IF(I19>H19,G19,IF(J19="H",F19,IF(J19="A",G19,"")))),"") -> France | L19: =IF(AND(ISNUMBER(H19),ISNUMBER(I19)),IF(H19>I19,G19,IF(I19>H19,F19,IF(J19="H",G19,IF(J19="A",F19,"")))),"") -> Ecuador | N19: =S4 | O19: =S7 | S19: =IF(AND(ISNUMBER(P19),ISNUMBER(Q19)),IF(P19>Q19,N19,IF(Q19>P19,O19,IF(R19="H",N19,IF(R19="A",O19,"")))),"") | T19: =IF(AND(ISNUMBER(P19),ISNUMBER(Q19)),IF(P19>Q19,O19,IF(Q19>P19,N19,IF(R19="H",O19,IF(R19="A",N19,"")))),"") | U19: =IF(OR(K19="",S19=""),"",IF(K19=S19,"✓","✗"))
A20: 90 | B20: Round of 16 | C20: Jul 4 | D20: Winner M73 | E20: Winner M75 | F20: =K3 -> Mexico | G20: =K5 -> Netherlands | H20: 1 | I20: 2 | K20: =IF(AND(ISNUMBER(H20),ISNUMBER(I20)),IF(H20>I20,F20,IF(I20>H20,G20,IF(J20="H",F20,IF(J20="A",G20,"")))),"") -> Netherlands | L20: =IF(AND(ISNUMBER(H20),ISNUMBER(I20)),IF(H20>I20,G20,IF(I20>H20,F20,IF(J20="H",G20,IF(J20="A",F20,"")))),"") -> Mexico | N20: =S3 | O20: =S5 | S20: =IF(AND(ISNUMBER(P20),ISNUMBER(Q20)),IF(P20>Q20,N20,IF(Q20>P20,O20,IF(R20="H",N20,IF(R20="A",O20,"")))),"") | T20: =IF(AND(ISNUMBER(P20),ISNUMBER(Q20)),IF(P20>Q20,O20,IF(Q20>P20,N20,IF(R20="H",O20,IF(R20="A",N20,"")))),"") | U20: =IF(OR(K20="",S20=""),"",IF(K20=S20,"✓","✗"))
A21: 91 | B21: Round of 16 | C21: Jul 5 | D21: Winner M76 | E21: Winner M78 | F21: =K6 -> Brazil | G21: =K8 -> Norway | H21: 2 | I21: 1 | K21: =IF(AND(ISNUMBER(H21),ISNUMBER(I21)),IF(H21>I21,F21,IF(I21>H21,G21,IF(J21="H",F21,IF(J21="A",G21,"")))),"") -> Brazil | L21: =IF(AND(ISNUMBER(H21),ISNUMBER(I21)),IF(H21>I21,G21,IF(I21>H21,F21,IF(J21="H",G21,IF(J21="A",F21,"")))),"") -> Norway | N21: =S6 | O21: =S8 | S21: =IF(AND(ISNUMBER(P21),ISNUMBER(Q21)),IF(P21>Q21,N21,IF(Q21>P21,O21,IF(R21="H",N21,IF(R21="A",O21,"")))),"") | T21: =IF(AND(ISNUMBER(P21),ISNUMBER(Q21)),IF(P21>Q21,O21,IF(Q21>P21,N21,IF(R21="H",O21,IF(R21="A",N21,"")))),"") | U21: =IF(OR(K21="",S21=""),"",IF(K21=S21,"✓","✗"))
A22: 92 | B22: Round of 16 | C22: Jul 5 | D22: Winner M79 | E22: Winner M80 | F22: =K9 -> South Korea | G22: =K10 -> England | H22: 1 | I22: 2 | K22: =IF(AND(ISNUMBER(H22),ISNUMBER(I22)),IF(H22>I22,F22,IF(I22>H22,G22,IF(J22="H",F22,IF(J22="A",G22,"")))),"") -> England | L22: =IF(AND(ISNUMBER(H22),ISNUMBER(I22)),IF(H22>I22,G22,IF(I22>H22,F22,IF(J22="H",G22,IF(J22="A",F22,"")))),"") -> South Korea | N22: =S9 | O22: =S10 | S22: =IF(AND(ISNUMBER(P22),ISNUMBER(Q22)),IF(P22>Q22,N22,IF(Q22>P22,O22,IF(R22="H",N22,IF(R22="A",O22,"")))),"") | T22: =IF(AND(ISNUMBER(P22),ISNUMBER(Q22)),IF(P22>Q22,O22,IF(Q22>P22,N22,IF(R22="H",O22,IF(R22="A",N22,"")))),"") | U22: =IF(OR(K22="",S22=""),"",IF(K22=S22,"✓","✗"))
A23: 93 | B23: Round of 16 | C23: Jul 6 | D23: Winner M83 | E23: Winner M84 | F23: =K13 -> Croatia | G23: =K14 -> Spain | H23: 1 | I23: 3 | K23: =IF(AND(ISNUMBER(H23),ISNUMBER(I23)),IF(H23>I23,F23,IF(I23>H23,G23,IF(J23="H",F23,IF(J23="A",G23,"")))),"") -> Spain | L23: =IF(AND(ISNUMBER(H23),ISNUMBER(I23)),IF(H23>I23,G23,IF(I23>H23,F23,IF(J23="H",G23,IF(J23="A",F23,"")))),"") -> Croatia | N23: =S13 | O23: =S14 | S23: =IF(AND(ISNUMBER(P23),ISNUMBER(Q23)),IF(P23>Q23,N23,IF(Q23>P23,O23,IF(R23="H",N23,IF(R23="A",O23,"")))),"") | T23: =IF(AND(ISNUMBER(P23),ISNUMBER(Q23)),IF(P23>Q23,O23,IF(Q23>P23,N23,IF(R23="H",O23,IF(R23="A",N23,"")))),"") | U23: =IF(OR(K23="",S23=""),"",IF(K23=S23,"✓","✗"))
A24: 94 | B24: Round of 16 | C24: Jul 6 | D24: Winner M81 | E24: Winner M82 | F24: =K11 -> Türkiye | G24: =K12 -> Senegal | H24: 2 | I24: 1 | K24: =IF(AND(ISNUMBER(H24),ISNUMBER(I24)),IF(H24>I24,F24,IF(I24>H24,G24,IF(J24="H",F24,IF(J24="A",G24,"")))),"") -> Türkiye | L24: =IF(AND(ISNUMBER(H24),ISNUMBER(I24)),IF(H24>I24,G24,IF(I24>H24,F24,IF(J24="H",G24,IF(J24="A",F24,"")))),"") -> Senegal | N24: =S11 | O24: =S12 | S24: =IF(AND(ISNUMBER(P24),ISNUMBER(Q24)),IF(P24>Q24,N24,IF(Q24>P24,O24,IF(R24="H",N24,IF(R24="A",O24,"")))),"") | T24: =IF(AND(ISNUMBER(P24),ISNUMBER(Q24)),IF(P24>Q24,O24,IF(Q24>P24,N24,IF(R24="H",O24,IF(R24="A",N24,"")))),"") | U24: =IF(OR(K24="",S24=""),"",IF(K24=S24,"✓","✗"))
A25: 95 | B25: Round of 16 | C25: Jul 7 | D25: Winner M86 | E25: Winner M88 | F25: =K16 -> Argentina | G25: =K18 -> Belgium | H25: 1 | I25: 0 | K25: =IF(AND(ISNUMBER(H25),ISNUMBER(I25)),IF(H25>I25,F25,IF(I25>H25,G25,IF(J25="H",F25,IF(J25="A",G25,"")))),"") -> Argentina | L25: =IF(AND(ISNUMBER(H25),ISNUMBER(I25)),IF(H25>I25,G25,IF(I25>H25,F25,IF(J25="H",G25,IF(J25="A",F25,"")))),"") -> Belgium | N25: =S16 | O25: =S18 | S25: =IF(AND(ISNUMBER(P25),ISNUMBER(Q25)),IF(P25>Q25,N25,IF(Q25>P25,O25,IF(R25="H",N25,IF(R25="A",O25,"")))),"") | T25: =IF(AND(ISNUMBER(P25),ISNUMBER(Q25)),IF(P25>Q25,O25,IF(Q25>P25,N25,IF(R25="H",O25,IF(R25="A",N25,"")))),"") | U25: =IF(OR(K25="",S25=""),"",IF(K25=S25,"✓","✗"))
A26: 96 | B26: Round of 16 | C26: Jul 7 | D26: Winner M85 | E26: Winner M87 | F26: =K15 -> Sweden | G26: =K17 -> Portugal | H26: 1 | I26: 3 | K26: =IF(AND(ISNUMBER(H26),ISNUMBER(I26)),IF(H26>I26,F26,IF(I26>H26,G26,IF(J26="H",F26,IF(J26="A",G26,"")))),"") -> Portugal | L26: =IF(AND(ISNUMBER(H26),ISNUMBER(I26)),IF(H26>I26,G26,IF(I26>H26,F26,IF(J26="H",G26,IF(J26="A",F26,"")))),"") -> Sweden | N26: =S15 | O26: =S17 | S26: =IF(AND(ISNUMBER(P26),ISNUMBER(Q26)),IF(P26>Q26,N26,IF(Q26>P26,O26,IF(R26="H",N26,IF(R26="A",O26,"")))),"") | T26: =IF(AND(ISNUMBER(P26),ISNUMBER(Q26)),IF(P26>Q26,O26,IF(Q26>P26,N26,IF(R26="H",O26,IF(R26="A",N26,"")))),"") | U26: =IF(OR(K26="",S26=""),"",IF(K26=S26,"✓","✗"))
A27: 97 | B27: Quarterfinal | C27: Jul 9 | D27: Winner M89 | E27: Winner M90 | F27: =K19 -> France | G27: =K20 -> Netherlands | H27: 3 | I27: 2 | K27: =IF(AND(ISNUMBER(H27),ISNUMBER(I27)),IF(H27>I27,F27,IF(I27>H27,G27,IF(J27="H",F27,IF(J27="A",G27,"")))),"") -> France | L27: =IF(AND(ISNUMBER(H27),ISNUMBER(I27)),IF(H27>I27,G27,IF(I27>H27,F27,IF(J27="H",G27,IF(J27="A",F27,"")))),"") -> Netherlands | N27: =S19 | O27: =S20 | S27: =IF(AND(ISNUMBER(P27),ISNUMBER(Q27)),IF(P27>Q27,N27,IF(Q27>P27,O27,IF(R27="H",N27,IF(R27="A",O27,"")))),"") | T27: =IF(AND(ISNUMBER(P27),ISNUMBER(Q27)),IF(P27>Q27,O27,IF(Q27>P27,N27,IF(R27="H",O27,IF(R27="A",N27,"")))),"") | U27: =IF(OR(K27="",S27=""),"",IF(K27=S27,"✓","✗"))
A28: 98 | B28: Quarterfinal | C28: Jul 10 | D28: Winner M93 | E28: Winner M94 | F28: =K23 -> Spain | G28: =K24 -> Türkiye | H28: 2 | I28: 2 | J28: A | K28: =IF(AND(ISNUMBER(H28),ISNUMBER(I28)),IF(H28>I28,F28,IF(I28>H28,G28,IF(J28="H",F28,IF(J28="A",G28,"")))),"") -> Türkiye | L28: =IF(AND(ISNUMBER(H28),ISNUMBER(I28)),IF(H28>I28,G28,IF(I28>H28,F28,IF(J28="H",G28,IF(J28="A",F28,"")))),"") -> Spain | N28: =S23 | O28: =S24 | S28: =IF(AND(ISNUMBER(P28),ISNUMBER(Q28)),IF(P28>Q28,N28,IF(Q28>P28,O28,IF(R28="H",N28,IF(R28="A",O28,"")))),"") | T28: =IF(AND(ISNUMBER(P28),ISNUMBER(Q28)),IF(P28>Q28,O28,IF(Q28>P28,N28,IF(R28="H",O28,IF(R28="A",N28,"")))),"") | U28: =IF(OR(K28="",S28=""),"",IF(K28=S28,"✓","✗"))
A29: 99 | B29: Quarterfinal | C29: Jul 11 | D29: Winner M91 | E29: Winner M92 | F29: =K21 -> Brazil | G29: =K22 -> England | H29: 1 | I29: 0 | K29: =IF(AND(ISNUMBER(H29),ISNUMBER(I29)),IF(H29>I29,F29,IF(I29>H29,G29,IF(J29="H",F29,IF(J29="A",G29,"")))),"") -> Brazil | L29: =IF(AND(ISNUMBER(H29),ISNUMBER(I29)),IF(H29>I29,G29,IF(I29>H29,F29,IF(J29="H",G29,IF(J29="A",F29,"")))),"") -> England | N29: =S21 | O29: =S22 | S29: =IF(AND(ISNUMBER(P29),ISNUMBER(Q29)),IF(P29>Q29,N29,IF(Q29>P29,O29,IF(R29="H",N29,IF(R29="A",O29,"")))),"") | T29: =IF(AND(ISNUMBER(P29),ISNUMBER(Q29)),IF(P29>Q29,O29,IF(Q29>P29,N29,IF(R29="H",O29,IF(R29="A",N29,"")))),"") | U29: =IF(OR(K29="",S29=""),"",IF(K29=S29,"✓","✗"))
A30: 100 | B30: Quarterfinal | C30: Jul 11 | D30: Winner M95 | E30: Winner M96 | F30: =K25 -> Argentina | G30: =K26 -> Portugal | H30: 2 | I30: 3 | K30: =IF(AND(ISNUMBER(H30),ISNUMBER(I30)),IF(H30>I30,F30,IF(I30>H30,G30,IF(J30="H",F30,IF(J30="A",G30,"")))),"") -> Portugal | L30: =IF(AND(ISNUMBER(H30),ISNUMBER(I30)),IF(H30>I30,G30,IF(I30>H30,F30,IF(J30="H",G30,IF(J30="A",F30,"")))),"") -> Argentina | N30: =S25 | O30: =S26 | S30: =IF(AND(ISNUMBER(P30),ISNUMBER(Q30)),IF(P30>Q30,N30,IF(Q30>P30,O30,IF(R30="H",N30,IF(R30="A",O30,"")))),"") | T30: =IF(AND(ISNUMBER(P30),ISNUMBER(Q30)),IF(P30>Q30,O30,IF(Q30>P30,N30,IF(R30="H",O30,IF(R30="A",N30,"")))),"") | U30: =IF(OR(K30="",S30=""),"",IF(K30=S30,"✓","✗"))
A31: 101 | B31: Semifinal | C31: Jul 14 | D31: Winner M97 | E31: Winner M98 | F31: =K27 -> France | G31: =K28 -> Türkiye | H31: 3 | I31: 2 | K31: =IF(AND(ISNUMBER(H31),ISNUMBER(I31)),IF(H31>I31,F31,IF(I31>H31,G31,IF(J31="H",F31,IF(J31="A",G31,"")))),"") -> France | L31: =IF(AND(ISNUMBER(H31),ISNUMBER(I31)),IF(H31>I31,G31,IF(I31>H31,F31,IF(J31="H",G31,IF(J31="A",F31,"")))),"") -> Türkiye | N31: =S27 | O31: =S28 | S31: =IF(AND(ISNUMBER(P31),ISNUMBER(Q31)),IF(P31>Q31,N31,IF(Q31>P31,O31,IF(R31="H",N31,IF(R31="A",O31,"")))),"") | T31: =IF(AND(ISNUMBER(P31),ISNUMBER(Q31)),IF(P31>Q31,O31,IF(Q31>P31,N31,IF(R31="H",O31,IF(R31="A",N31,"")))),"") | U31: =IF(OR(K31="",S31=""),"",IF(K31=S31,"✓","✗"))
A32: 102 | B32: Semifinal | C32: Jul 15 | D32: Winner M99 | E32: Winner M100 | F32: =K29 -> Brazil | G32: =K30 -> Portugal | H32: 2 | I32: 1 | K32: =IF(AND(ISNUMBER(H32),ISNUMBER(I32)),IF(H32>I32,F32,IF(I32>H32,G32,IF(J32="H",F32,IF(J32="A",G32,"")))),"") -> Brazil | L32: =IF(AND(ISNUMBER(H32),ISNUMBER(I32)),IF(H32>I32,G32,IF(I32>H32,F32,IF(J32="H",G32,IF(J32="A",F32,"")))),"") -> Portugal | N32: =S29 | O32: =S30 | S32: =IF(AND(ISNUMBER(P32),ISNUMBER(Q32)),IF(P32>Q32,N32,IF(Q32>P32,O32,IF(R32="H",N32,IF(R32="A",O32,"")))),"") | T32: =IF(AND(ISNUMBER(P32),ISNUMBER(Q32)),IF(P32>Q32,O32,IF(Q32>P32,N32,IF(R32="H",O32,IF(R32="A",N32,"")))),"") | U32: =IF(OR(K32="",S32=""),"",IF(K32=S32,"✓","✗"))
A33: 103 | B33: Third place | C33: Jul 18 | D33: Loser M101 | E33: Loser M102 | F33: =L31 -> Türkiye | G33: =L32 -> Portugal | H33: 1 | I33: 3 | K33: =IF(AND(ISNUMBER(H33),ISNUMBER(I33)),IF(H33>I33,F33,IF(I33>H33,G33,IF(J33="H",F33,IF(J33="A",G33,"")))),"") -> Portugal | L33: =IF(AND(ISNUMBER(H33),ISNUMBER(I33)),IF(H33>I33,G33,IF(I33>H33,F33,IF(J33="H",G33,IF(J33="A",F33,"")))),"") -> Türkiye | N33: =T31 | O33: =T32 | S33: =IF(AND(ISNUMBER(P33),ISNUMBER(Q33)),IF(P33>Q33,N33,IF(Q33>P33,O33,IF(R33="H",N33,IF(R33="A",O33,"")))),"") | T33: =IF(AND(ISNUMBER(P33),ISNUMBER(Q33)),IF(P33>Q33,O33,IF(Q33>P33,N33,IF(R33="H",O33,IF(R33="A",N33,"")))),"") | U33: =IF(OR(K33="",S33=""),"",IF(K33=S33,"✓","✗"))
A34: 104 | B34: Final | C34: Jul 19 | D34: Winner M101 | E34: Winner M102 | F34: =K31 -> France | G34: =K32 -> Brazil | H34: 1 | I34: 2 | K34: =IF(AND(ISNUMBER(H34),ISNUMBER(I34)),IF(H34>I34,F34,IF(I34>H34,G34,IF(J34="H",F34,IF(J34="A",G34,"")))),"") -> Brazil | L34: =IF(AND(ISNUMBER(H34),ISNUMBER(I34)),IF(H34>I34,G34,IF(I34>H34,F34,IF(J34="H",G34,IF(J34="A",F34,"")))),"") -> France | N34: =S31 | O34: =S32 | S34: =IF(AND(ISNUMBER(P34),ISNUMBER(Q34)),IF(P34>Q34,N34,IF(Q34>P34,O34,IF(R34="H",N34,IF(R34="A",O34,"")))),"") | T34: =IF(AND(ISNUMBER(P34),ISNUMBER(Q34)),IF(P34>Q34,O34,IF(Q34>P34,N34,IF(R34="H",O34,IF(R34="A",N34,"")))),"") | U34: =IF(OR(K34="",S34=""),"",IF(K34=S34,"✓","✗"))

